,school,sex,age,address,famsize,Pstatus,Medu,Fedu,Mjob,Fjob,reason,guardian,traveltime,studytime,failures,schoolsup,famsup,paid,activities,nursery,higher,internet,romantic,famrel,freetime,goout,Dalc,Walc,health,absences,G1,G2,G3
0,1,1,18,1,1,0,4,4,at_home,teacher,course,2,2,2,0,1,0,0,0,1,1,0,0,4,3,4,1,1,3,4,0,11,11
1,1,1,17,1,1,1,1,1,at_home,other,course,1,1,2,0,0,1,0,0,0,1,1,0,5,3,3,1,1,3,2,9,11,11
2,1,1,15,1,0,1,1,1,at_home,other,other,2,1,2,0,1,0,0,0,1,1,1,0,4,3,2,2,3,3,6,12,13,12
3,1,1,15,1,1,1,4,2,health,services,home,2,1,3,0,0,1,0,1,1,1,1,1,3,2,2,1,1,5,0,14,14,14
4,1,1,16,1,1,1,3,3,other,other,home,1,1,2,0,0,1,0,0,1,1,0,0,4,3,2,1,2,5,0,11,13,13
5,1,0,16,1,0,1,4,3,services,other,reputation,2,1,2,0,0,1,0,1,1,1,1,0,5,4,2,1,2,5,6,12,12,13
6,1,0,16,1,0,1,2,2,other,other,home,2,1,2,0,0,0,0,0,1,1,1,0,4,4,4,1,1,3,0,13,12,13
7,1,1,17,1,1,0,4,4,other,teacher,home,2,2,2,0,1,1,0,0,1,1,0,0,4,1,4,1,1,1,2,10,13,13
8,1,0,15,1,0,0,3,2,services,other,home,2,1,2,0,0,1,0,0,1,1,1,0,4,2,2,1,1,1,0,15,16,17
9,1,0,15,1,1,1,3,4,other,other,home,2,1,2,0,0,1,0,1,1,1,1,0,5,5,1,1,1,5,0,12,12,13
10,1,1,15,1,1,1,4,4,teacher,health,reputation,2,1,2,0,0,1,0,0,1,1,1,0,3,3,3,1,2,2,2,14,14,14
11,1,1,15,1,1,1,2,1,services,other,reputation,1,3,3,0,0,1,0,1,1,1,1,0,5,2,2,1,1,4,0,10,12,13
12,1,0,15,1,0,1,4,4,health,services,course,1,1,1,0,0,1,0,1,1,1,1,0,4,3,3,1,3,5,0,12,13,12
13,1,0,15,1,1,1,4,3,teacher,other,course,2,2,2,0,0,1,0,0,1,1,1,0,5,4,3,1,2,3,0,12,12,13
14,1,0,15,1,1,0,2,2,other,other,home,0,1,3,0,0,1,0,0,1,1,1,1,4,5,2,1,1,3,0,14,14,15
15,1,1,16,1,1,1,4,4,health,other,home,2,1,1,0,0,1,0,0,1,1,1,0,4,4,4,1,2,2,6,17,17,17
16,1,1,16,1,1,1,4,4,services,services,reputation,2,1,3,0,0,1,0,1,1,1,1,0,3,2,3,1,2,2,10,13,13,14
17,1,1,16,1,1,1,3,3,other,other,reputation,2,3,2,0,1,1,0,1,1,1,0,0,5,3,2,1,1,4,2,13,14,14
18,1,0,17,1,1,1,3,2,services,services,course,2,1,1,3,0,1,1,1,1,1,1,0,5,5,5,2,4,5,2,8,8,7
19,1,0,16,1,0,1,4,3,health,other,home,1,1,1,0,0,0,0,1,1,1,1,0,3,1,3,1,3,5,6,12,12,12
20,1,0,15,1,1,1,4,3,teacher,other,reputation,2,1,2,0,0,0,0,0,1,1,1,0,4,4,1,1,1,1,0,12,13,14
21,1,0,15,1,1,1,4,4,health,health,other,1,1,1,0,0,1,1,0,1,1,1,0,5,4,2,1,1,5,0,11,12,12
22,1,0,16,1,0,1,4,2,teacher,other,course,2,1,2,0,0,0,0,1,1,1,1,0,4,5,1,1,3,5,0,12,13,14
23,1,0,16,1,0,1,2,2,other,other,reputation,2,2,2,0,0,1,0,1,1,1,1,0,5,4,4,2,4,5,2,10,10,10
24,1,1,15,0,1,1,2,4,services,health,course,2,1,3,0,1,1,0,1,1,1,1,0,4,3,2,1,1,5,2,10,11,10
25,1,1,16,1,1,1,2,2,services,services,home,2,1,1,0,0,1,0,0,0,1,1,0,1,2,2,1,3,5,6,10,11,12
26,1,0,15,1,1,1,2,2,other,other,home,2,1,1,0,0,1,0,0,1,1,1,0,4,2,2,1,2,5,8,11,12,12
27,1,0,15,1,1,1,4,2,health,services,other,2,1,1,0,0,0,0,0,1,1,1,0,2,2,4,2,4,1,0,11,11,11
28,1,0,16,1,0,0,3,4,services,other,home,2,1,2,0,1,1,1,1,1,1,1,0,5,3,3,1,1,5,2,12,12,13
29,1,0,16,1,1,1,4,4,teacher,teacher,home,2,1,2,0,0,1,1,1,1,1,1,1,4,4,5,5,5,5,4,12,11,12
30,1,0,15,1,1,1,4,4,health,services,home,2,1,2,0,0,1,1,0,0,1,1,0,5,4,2,3,4,5,0,10,11,11
31,1,0,15,1,1,1,4,4,services,services,reputation,2,2,2,0,0,1,0,1,1,1,1,0,4,3,1,1,1,5,2,15,15,15
32,1,0,15,0,1,1,4,3,teacher,at_home,course,2,1,2,0,0,1,0,1,1,1,1,1,4,5,2,1,1,5,0,13,14,15
33,1,0,15,1,0,1,3,3,other,other,course,2,1,2,0,0,0,0,1,0,1,1,0,5,3,2,1,1,2,0,13,12,12
34,1,0,16,1,1,1,3,2,other,other,home,2,1,1,0,0,1,0,0,0,1,1,0,5,4,3,1,1,5,4,12,12,12
35,1,1,15,1,1,1,2,3,other,other,other,1,2,1,0,0,1,0,1,1,1,0,0,3,5,1,1,1,5,4,11,11,11
36,1,0,15,1,0,1,4,3,teacher,services,home,2,1,3,0,0,1,0,1,1,1,1,0,5,4,3,1,1,4,0,14,14,14
37,1,0,16,0,1,0,4,4,other,teacher,reputation,2,2,3,0,0,1,0,1,1,1,1,1,2,4,3,1,1,5,4,13,13,13
38,1,1,15,0,1,1,3,4,services,health,course,2,1,3,0,1,1,0,1,1,1,1,0,4,3,2,1,1,5,2,11,12,12
39,1,1,15,0,1,1,2,2,at_home,other,reputation,2,1,1,0,1,1,0,1,1,1,0,0,4,3,1,1,1,2,8,14,13,12
40,1,1,16,1,0,1,2,2,other,other,home,2,2,2,0,0,1,0,1,0,1,1,1,3,3,3,1,2,3,16,11,11,10
41,1,0,15,1,0,1,4,4,teacher,other,home,0,1,1,0,0,1,0,0,0,1,1,1,5,4,3,2,4,5,8,10,11,11
42,1,0,15,1,1,1,4,4,services,teacher,course,1,1,2,0,0,1,0,1,1,1,1,0,4,3,3,1,1,5,0,14,15,15
43,1,0,15,1,1,1,2,2,services,services,course,1,1,1,0,1,1,0,0,1,1,1,0,5,4,1,1,1,1,0,9,10,10
44,1,1,16,1,0,1,2,2,other,at_home,course,1,2,2,1,1,0,0,1,1,1,1,0,4,3,3,2,2,5,14,10,11,11
45,1,1,15,1,0,0,4,3,other,other,course,2,1,2,0,1,1,1,1,1,1,1,1,5,2,2,1,1,5,4,10,11,11
46,1,1,16,1,0,0,3,3,other,services,home,2,1,2,0,0,1,0,0,1,1,1,0,2,3,5,1,4,3,6,13,12,13
47,1,0,16,1,1,1,4,3,health,services,reputation,2,1,4,0,0,0,0,1,1,1,1,0,4,2,2,1,1,2,2,17,17,17
48,1,0,15,1,1,1,4,2,teacher,other,home,2,1,2,0,0,1,0,0,1,1,0,0,4,3,3,2,2,5,4,11,12,13
49,1,1,15,1,1,1,4,4,services,teacher,other,1,1,2,0,1,1,0,1,0,1,1,0,4,4,4,1,1,3,2,13,12,12
50,1,1,16,1,0,1,2,2,services,services,course,2,3,2,0,0,1,0,0,1,1,1,0,4,3,3,2,3,4,0,14,13,13
51,1,1,15,1,0,1,4,2,health,other,other,2,1,2,0,0,1,0,0,1,1,1,0,4,3,3,1,1,5,0,16,14,16
52,1,0,15,1,0,0,4,2,health,health,other,1,2,1,0,0,0,0,0,1,1,0,0,5,5,5,3,4,5,4,10,9,9
53,1,1,15,1,1,1,4,4,services,services,course,2,1,1,0,1,1,0,0,1,1,1,0,3,3,4,2,3,5,0,13,12,12
54,1,1,15,1,0,0,3,3,other,other,other,2,1,1,0,0,0,0,0,1,1,1,0,5,3,4,4,4,1,0,13,12,13
55,1,1,16,1,1,0,2,1,other,other,other,2,1,2,0,0,0,0,1,1,1,1,1,5,3,4,1,1,2,2,12,13,12
56,1,1,15,1,1,0,4,3,services,services,reputation,2,1,2,0,0,1,0,1,1,1,1,0,4,3,2,1,1,1,0,15,14,15
57,1,0,15,1,1,1,4,4,teacher,health,reputation,2,1,2,0,0,1,0,1,1,1,0,0,3,2,2,1,1,5,8,15,15,16
58,1,0,15,1,0,1,1,2,other,at_home,home,1,1,2,0,1,1,0,1,1,1,1,0,4,3,2,1,1,5,0,14,13,14
59,1,1,16,1,1,1,4,2,services,other,course,2,1,2,0,0,1,1,0,1,1,1,0,4,2,3,1,1,5,2,16,15,16
60,1,1,16,0,1,1,4,4,health,teacher,other,2,1,2,0,0,1,0,1,1,1,0,0,2,4,4,2,3,4,0,17,16,16
61,1,1,16,1,1,1,1,1,services,services,course,1,4,1,0,1,1,0,1,0,1,1,1,5,5,5,5,5,5,0,10,10,16
62,1,1,16,1,0,1,1,2,other,services,reputation,1,1,2,0,1,0,0,1,1,1,1,0,4,4,3,1,1,1,0,13,13,10
63,1,1,16,1,1,1,4,3,teacher,health,home,2,1,3,0,1,1,0,1,1,1,1,0,3,4,4,2,4,4,0,14,13,13
64,1,1,15,1,0,1,4,3,services,services,reputation,1,1,2,0,1,0,0,1,1,1,1,1,4,4,4,2,4,2,0,13,12,12
65,1,1,16,1,0,1,4,3,teacher,services,course,2,3,2,0,0,1,0,1,1,1,1,0,5,4,3,1,2,1,2,16,15,16
66,1,0,15,1,1,0,4,4,other,services,reputation,2,1,4,0,0,1,0,1,0,1,1,1,1,3,3,5,5,3,0,11,12,12
67,1,1,16,1,1,1,3,1,services,other,course,2,1,4,0,1,1,0,0,1,1,1,0,4,3,3,1,2,5,0,10,9,10
68,1,1,15,0,0,1,2,2,health,services,reputation,2,2,2,0,1,1,0,0,1,1,1,0,4,1,3,1,3,4,0,11,10,11
69,1,1,15,0,0,1,3,1,other,other,reputation,1,2,4,0,0,1,0,0,0,1,1,0,4,4,2,2,3,3,6,15,15,15
70,1,0,16,1,1,1,3,1,other,other,reputation,1,2,4,0,0,1,0,0,1,1,1,0,4,3,2,1,1,5,2,13,11,11
71,1,0,15,1,1,1,4,2,other,other,course,2,1,4,0,0,0,0,0,1,1,1,0,3,3,3,1,1,3,0,11,9,10
72,1,1,15,0,1,1,1,1,other,other,reputation,2,1,2,0,1,1,0,0,0,1,1,1,3,3,4,2,4,5,2,13,11,11
73,1,0,16,1,1,1,3,1,other,other,reputation,2,1,1,0,0,0,0,1,1,1,0,0,5,3,2,2,2,5,0,13,13,14
74,1,1,16,1,1,1,3,3,other,services,home,2,1,2,0,1,1,0,1,1,1,1,0,4,3,3,2,4,5,4,11,11,11
75,1,0,15,1,1,1,4,3,teacher,other,home,2,1,2,0,0,1,0,1,1,1,1,0,4,3,3,2,3,5,0,11,11,11
76,1,0,15,1,1,1,4,0,teacher,other,course,2,2,4,0,0,0,0,1,1,1,1,0,3,4,3,1,1,1,0,12,11,11
77,1,1,16,1,1,1,2,2,other,other,reputation,2,1,4,0,0,0,0,0,1,1,1,1,5,2,3,1,3,3,1,13,13,13
78,1,0,17,1,1,1,2,1,other,other,home,2,2,1,3,1,1,0,1,1,0,1,0,4,5,1,1,1,3,0,9,9,10
79,1,1,16,1,1,1,3,4,at_home,other,course,2,1,2,0,0,1,0,0,1,1,1,0,2,4,3,1,2,3,14,12,11,11
80,1,0,15,1,1,1,2,3,other,services,course,1,1,1,0,1,1,0,1,0,1,1,1,3,2,2,1,3,3,0,11,11,12
81,1,0,15,1,1,1,2,3,other,other,home,2,1,3,0,1,0,0,0,0,1,1,0,5,3,2,1,2,5,2,10,9,9
82,1,1,15,1,0,1,3,2,services,other,reputation,2,1,2,0,0,1,0,0,1,1,1,0,4,4,4,1,1,5,4,12,11,11
83,1,0,15,1,0,1,2,2,services,services,home,2,2,2,0,0,0,1,1,1,1,1,0,5,3,3,1,3,4,2,13,12,13
84,1,1,15,1,1,1,1,1,other,other,home,1,1,2,0,0,1,0,1,0,1,1,0,4,3,2,2,3,4,2,13,12,12
85,1,1,15,1,1,1,4,4,services,services,reputation,1,2,2,0,0,0,0,0,1,1,1,1,4,4,4,2,3,5,4,12,11,12
86,1,1,16,1,0,1,2,2,at_home,other,course,2,1,2,0,0,1,0,0,1,1,0,0,4,3,4,1,2,2,6,13,11,11
87,1,1,15,1,1,1,4,2,other,other,reputation,2,1,3,0,0,1,0,1,1,1,1,0,5,3,3,1,3,1,4,15,15,15
88,1,0,16,1,1,1,2,2,services,other,reputation,1,2,2,0,0,0,0,1,0,1,1,0,4,4,2,1,1,3,6,12,10,11
89,1,0,16,1,0,0,4,4,teacher,health,reputation,2,1,2,0,0,1,0,0,1,1,0,0,4,1,3,3,5,5,6,9,9,10
90,1,1,16,1,1,1,3,3,other,other,home,2,1,3,0,0,1,0,0,1,1,1,1,4,3,3,1,3,4,2,9,11,11
91,1,1,15,1,1,1,4,3,services,other,reputation,2,1,1,0,0,0,0,1,1,1,1,0,4,5,5,1,3,1,6,14,13,13
92,1,1,16,1,0,1,3,1,other,other,home,1,1,2,0,1,1,0,0,1,1,0,0,3,3,3,2,3,2,0,12,13,12
93,1,1,16,1,1,1,4,2,teacher,services,home,2,2,2,0,0,1,0,1,1,1,1,0,5,3,3,1,1,1,2,13,14,14
94,1,0,15,1,0,1,2,2,services,health,reputation,2,1,4,0,0,1,0,1,1,1,1,0,4,3,4,1,1,4,2,11,12,12
95,1,1,15,0,1,1,1,1,at_home,other,home,2,2,4,0,1,1,1,1,1,1,1,0,3,1,2,1,1,1,4,13,13,13
96,1,0,16,0,1,1,4,3,services,other,reputation,2,2,1,0,1,1,1,1,0,1,1,0,3,3,3,1,1,4,6,9,11,11
97,1,1,16,1,1,1,2,1,other,other,course,2,1,2,0,0,1,0,0,1,1,0,1,4,3,5,1,1,5,0,13,12,12
98,1,1,16,1,1,1,4,4,other,other,reputation,2,1,1,0,0,0,0,1,0,1,1,0,5,3,4,1,2,1,4,12,13,13
99,1,1,16,1,1,1,4,3,other,at_home,course,2,1,3,0,1,1,0,0,1,1,1,0,5,3,5,1,1,3,2,12,13,13
100,1,0,16,1,1,1,4,4,services,services,other,2,1,1,0,1,1,0,1,1,1,1,0,4,5,5,5,5,4,12,9,9,8
101,1,0,16,1,1,1,4,4,services,teacher,other,1,1,3,0,0,1,0,1,1,1,1,1,4,4,3,1,1,4,0,16,16,16
102,1,0,15,1,1,1,4,4,services,other,course,2,1,1,0,0,1,1,1,0,1,1,0,5,3,3,1,1,5,2,12,13,12
103,1,1,15,1,1,1,3,2,services,other,home,2,2,2,0,1,1,0,0,1,1,1,0,4,3,5,1,1,2,16,11,10,10
104,1,0,15,1,1,0,3,4,services,other,course,2,1,2,0,0,1,0,1,1,1,1,0,5,4,4,1,1,1,0,16,16,16
105,1,1,15,1,1,0,3,3,other,health,reputation,1,1,4,0,1,0,0,0,1,1,0,0,4,3,3,1,1,4,10,10,10,10
106,1,1,15,1,1,1,2,2,other,other,course,2,1,4,0,1,1,0,0,1,1,1,0,5,1,2,1,1,3,4,10,10,10
107,1,0,16,1,1,1,3,3,services,other,home,1,1,3,0,0,1,0,1,1,1,1,0,5,3,3,1,1,5,4,13,14,14
108,1,0,15,0,1,1,4,4,other,other,home,1,4,4,0,0,1,0,1,1,1,1,1,1,3,5,3,5,1,8,12,10,11
109,1,1,16,1,0,1,4,4,health,health,other,2,1,3,0,0,1,0,1,1,1,1,1,5,4,5,1,1,4,2,15,15,14
110,1,0,15,1,0,0,4,4,teacher,teacher,course,2,1,1,0,0,0,0,1,1,1,1,0,5,5,3,1,1,4,4,13,14,14
111,1,1,16,0,1,1,3,3,services,other,reputation,1,1,3,0,1,1,0,1,1,1,1,0,4,1,2,1,1,2,4,11,11,11
112,1,1,16,1,1,1,2,2,at_home,other,home,2,1,2,1,1,0,0,1,1,1,1,0,3,1,2,1,1,5,12,8,10,10
113,1,0,15,1,0,1,4,2,teacher,other,course,2,1,1,0,0,0,0,0,1,1,1,0,3,5,2,1,1,3,10,18,17,18
114,1,0,15,0,1,1,2,1,health,services,reputation,2,1,2,0,0,0,0,1,1,1,1,1,5,4,2,1,1,5,4,10,9,10
115,1,0,16,1,1,1,4,4,teacher,teacher,course,1,1,2,0,0,1,0,1,1,1,1,0,5,4,4,1,2,5,6,16,14,14
116,1,0,15,1,1,1,4,4,other,teacher,reputation,1,2,2,0,0,1,0,1,1,1,0,0,4,4,3,1,1,2,4,16,15,16
117,1,0,16,1,1,1,3,3,other,services,home,1,2,1,0,0,0,0,1,1,1,1,0,5,4,2,1,1,5,6,14,14,15
118,1,0,17,0,1,1,1,3,other,other,course,1,3,2,1,0,1,0,1,1,1,1,0,5,2,4,1,4,5,14,12,11,11
119,1,0,15,1,1,1,3,4,other,other,reputation,1,1,1,0,0,0,0,0,1,1,1,0,3,4,3,1,2,4,2,14,13,14
120,1,1,15,1,1,1,1,2,at_home,services,course,2,1,2,0,0,0,0,0,0,1,1,0,3,2,3,1,2,1,0,14,14,14
121,1,0,15,1,1,1,2,2,services,services,home,1,1,4,0,0,1,0,1,1,1,1,0,5,5,4,1,2,5,6,14,13,13
122,1,1,16,1,0,1,2,4,other,health,course,1,2,2,0,0,1,0,1,1,1,1,1,4,2,2,1,2,5,2,14,12,13
123,1,0,16,1,1,1,4,4,health,other,course,2,1,1,0,0,1,0,1,1,1,1,0,3,4,4,1,4,5,4,12,13,13
124,1,1,16,1,1,1,2,2,other,other,home,2,1,2,0,0,0,0,0,1,1,1,1,5,4,4,1,1,5,0,12,11,11
125,1,0,15,1,1,1,3,4,services,services,home,1,1,1,0,1,0,0,0,1,1,1,0,5,5,5,3,2,5,2,9,9,9
126,1,1,15,1,0,0,3,4,other,other,home,2,1,2,0,1,0,0,1,1,1,1,1,5,3,2,1,1,1,0,10,11,11
127,1,1,19,1,1,1,0,1,at_home,other,course,0,1,2,2,0,1,0,0,0,0,0,0,3,4,2,1,1,5,0,9,10,11
128,1,0,16,0,1,1,4,4,teacher,teacher,course,2,1,1,0,0,0,0,1,1,1,1,0,3,5,5,2,5,4,8,14,14,15
129,1,0,16,1,1,1,2,3,other,other,course,2,2,3,0,0,1,0,0,0,1,1,1,3,2,3,2,2,1,4,13,12,13
130,1,1,15,0,1,1,3,4,services,teacher,course,1,2,3,0,0,1,0,0,1,1,1,1,4,2,2,2,2,5,0,10,11,12
131,1,1,18,1,1,1,2,1,services,other,reputation,2,1,2,3,0,1,0,1,1,0,1,1,5,4,5,1,3,5,10,10,9,8
132,1,1,17,1,0,0,2,1,other,other,course,2,3,1,0,0,1,0,0,1,1,1,0,3,2,2,1,2,5,8,11,10,11
133,1,1,15,1,1,1,1,1,at_home,other,course,2,3,1,0,0,1,0,1,0,1,1,1,4,3,3,1,2,4,6,11,12,13
134,1,1,17,1,0,1,2,2,other,other,course,1,1,1,0,0,1,0,0,1,1,1,1,3,4,4,1,3,5,2,13,12,12
135,1,1,16,1,1,0,3,4,services,other,course,1,1,1,0,0,0,0,0,1,1,1,0,3,2,1,1,4,5,12,15,13,14
136,1,0,16,1,1,1,2,1,at_home,other,course,2,4,1,0,0,0,0,0,1,1,0,0,3,2,1,1,1,2,4,9,9,11
137,1,1,16,1,1,0,2,2,other,other,home,2,1,1,1,0,0,0,0,1,1,0,0,5,3,4,1,1,5,12,13,11,11
138,1,0,15,0,1,1,3,4,at_home,teacher,course,2,4,2,0,0,1,0,0,1,1,0,1,5,3,3,1,1,5,2,12,11,11
139,1,1,15,1,1,1,4,4,services,at_home,course,2,1,3,0,0,1,0,1,1,1,1,1,4,3,3,1,1,5,4,13,14,15
140,1,0,17,0,1,1,3,4,at_home,other,course,2,3,2,0,0,0,0,0,1,1,0,0,5,4,5,2,4,5,2,10,9,10
141,1,1,16,0,1,1,1,1,at_home,other,course,2,4,2,0,0,1,0,0,1,1,0,0,5,1,3,1,1,3,0,14,13,13
142,1,0,18,1,0,1,3,1,services,services,course,2,2,1,0,0,0,0,1,1,1,1,1,3,3,4,4,5,4,2,11,11,12
143,1,1,18,1,1,0,3,2,other,services,course,0,1,3,0,0,1,0,1,0,1,1,1,4,3,3,5,1,5,10,12,11,11
144,1,1,16,0,1,1,1,1,other,services,reputation,2,2,1,0,0,1,0,1,1,1,0,1,3,3,3,1,2,1,8,12,11,11
145,1,1,16,1,1,0,3,3,other,other,course,0,2,1,0,0,1,0,1,0,1,1,1,4,3,2,1,1,5,4,9,9,10
146,1,0,16,1,0,1,1,1,services,other,course,2,1,2,2,0,0,0,0,1,1,0,1,4,4,4,1,3,5,0,10,10,10
147,1,1,15,1,1,1,4,4,teacher,teacher,course,2,2,1,0,0,0,0,1,1,1,1,0,4,3,2,1,1,5,6,13,14,14
148,1,1,15,0,1,1,1,1,other,other,course,2,3,1,1,0,0,0,1,1,1,1,1,5,5,5,1,1,1,2,8,9,9
149,1,0,15,1,1,1,4,3,teacher,services,course,1,2,4,0,1,1,0,0,1,1,1,0,2,2,2,1,1,3,6,9,11,11
150,1,1,15,1,1,0,3,3,services,services,home,2,1,2,0,0,0,0,0,0,1,0,1,1,3,2,2,3,1,24,9,8,9
151,1,0,16,1,1,1,4,4,services,services,course,2,1,3,0,0,1,0,1,1,1,1,0,5,3,3,1,3,5,0,15,13,13
152,1,0,16,1,0,1,2,2,services,services,reputation,1,2,1,0,0,1,0,1,1,1,1,0,2,3,3,2,2,2,4,12,11,11
153,1,1,15,1,1,1,4,4,teacher,services,course,2,1,3,0,0,1,0,1,1,1,1,0,4,2,2,1,1,5,2,13,13,13
154,1,1,16,1,0,1,1,1,at_home,at_home,course,2,1,1,0,0,0,0,0,1,1,1,0,3,4,4,3,3,1,4,10,11,11
155,1,0,17,1,1,1,2,1,other,other,home,2,1,1,0,0,1,0,0,1,1,1,0,5,4,5,1,2,5,22,9,7,6
156,1,1,15,1,1,1,1,1,other,services,course,1,1,2,0,0,1,0,0,1,1,1,0,4,4,2,1,2,5,0,12,12,12
157,1,1,15,1,0,0,2,1,at_home,other,home,2,2,1,0,0,1,0,1,1,0,1,1,4,4,2,1,1,5,0,11,10,10
158,1,1,15,1,1,1,3,2,health,services,home,1,1,2,1,0,1,0,0,1,1,1,0,3,3,2,1,1,3,2,11,11,11
159,1,1,15,1,1,1,1,2,at_home,other,course,2,1,2,0,0,1,0,0,0,1,1,0,4,3,2,1,1,5,6,13,12,13
160,1,1,15,1,1,1,1,2,at_home,services,course,1,1,2,0,0,0,0,0,0,1,0,1,2,3,4,2,4,1,6,11,11,11
161,1,0,16,1,1,1,4,4,teacher,teacher,course,2,1,1,0,0,1,0,0,1,0,1,1,3,3,2,2,1,5,16,9,9,8
162,1,0,15,1,0,0,2,1,services,other,course,2,4,1,0,0,0,0,0,1,1,1,0,4,5,5,2,5,5,0,12,11,11
163,1,0,18,1,0,1,1,1,other,other,course,2,1,1,2,0,0,0,0,1,0,1,1,2,3,5,2,5,4,0,11,9,0
164,1,0,16,1,0,1,2,1,at_home,other,course,2,1,1,1,0,0,0,1,1,1,0,1,4,4,4,3,5,5,6,9,10,10
165,1,1,15,0,1,1,3,3,services,services,reputation,0,2,3,0,0,1,1,1,1,1,1,1,4,2,1,2,3,3,2,13,13,13
166,1,0,19,1,1,1,3,2,services,at_home,home,2,1,1,0,0,1,0,0,1,0,1,1,4,5,4,1,1,4,6,11,9,11
167,1,1,17,1,1,1,4,4,other,teacher,course,2,1,1,0,1,1,0,0,1,1,0,1,4,2,1,1,1,4,0,13,13,13
168,1,0,15,0,1,1,2,3,at_home,services,course,2,1,2,0,1,0,1,1,1,1,0,0,4,4,4,1,1,1,0,7,8,8
169,1,0,17,0,0,1,1,2,other,other,reputation,2,1,1,3,0,0,0,0,1,1,0,0,2,2,2,3,3,5,14,9,8,10
170,1,1,18,0,1,1,1,1,at_home,other,course,2,3,1,3,0,1,0,1,0,1,0,0,5,2,5,1,5,4,6,11,10,11
171,1,0,16,0,1,1,2,2,at_home,other,course,2,3,1,0,0,0,0,0,0,1,0,0,4,2,2,1,2,3,4,12,10,11
172,1,0,16,1,1,1,3,3,other,services,course,1,1,2,1,0,1,0,0,1,1,1,1,4,5,5,4,4,5,0,10,10,1
173,1,0,16,1,0,1,1,2,health,services,course,2,2,1,2,0,0,0,0,0,1,1,0,4,4,5,3,5,5,0,9,8,10
174,1,0,17,0,0,1,2,1,at_home,other,course,2,2,1,1,0,0,1,1,1,0,1,1,3,3,2,2,2,5,8,8,8,9
175,1,0,17,0,1,1,3,2,other,other,course,2,2,2,2,1,1,0,0,1,1,1,1,4,4,4,1,4,3,4,7,6,8
176,1,0,15,1,0,1,1,2,other,other,course,2,2,1,0,0,0,0,1,1,1,0,0,4,4,4,2,4,5,2,8,9,10
177,1,0,16,1,1,1,1,3,at_home,services,course,1,1,1,1,0,0,0,0,1,0,1,0,5,3,3,1,4,2,2,9,8,8
178,1,0,17,0,0,1,1,1,other,services,course,2,4,2,0,0,0,0,1,1,0,0,1,5,3,5,1,5,5,0,8,8,8
179,1,0,17,1,1,1,3,2,services,services,course,2,2,1,3,0,1,0,1,0,0,0,0,4,5,2,1,1,2,10,8,7,8
180,1,0,16,1,1,1,2,2,other,other,course,1,1,2,0,0,0,0,0,1,0,1,0,4,3,5,2,4,4,0,9,10,11
181,1,1,16,1,1,1,4,2,health,services,home,1,1,2,0,0,0,0,0,1,1,1,1,4,2,3,1,1,3,0,17,17,18
182,1,1,16,1,1,1,2,2,other,other,home,2,1,2,0,0,1,0,0,0,1,1,0,5,1,5,1,1,4,0,12,12,13
183,1,1,16,1,1,1,4,4,health,health,reputation,2,1,2,0,0,1,0,0,1,1,1,1,4,4,2,1,1,3,0,16,16,17
184,1,0,16,1,1,1,3,4,other,other,course,1,3,1,1,0,1,0,1,0,1,1,0,3,4,5,2,4,2,4,9,9,10
185,1,0,16,1,1,1,1,0,other,other,reputation,2,2,2,0,0,1,0,1,1,1,1,1,4,3,2,1,1,3,0,16,17,18
186,1,0,17,1,0,1,4,4,teacher,other,reputation,2,1,2,0,0,1,0,1,1,1,1,0,4,4,4,1,3,5,0,11,9,10
187,1,1,16,1,1,1,1,3,at_home,services,home,2,1,2,0,0,0,0,1,0,1,1,1,4,3,5,1,1,3,0,14,13,13
188,1,1,16,1,0,1,3,3,other,other,reputation,2,2,2,0,0,1,0,1,1,1,1,0,4,4,5,1,1,4,0,14,14,15
189,1,0,17,1,0,1,4,3,teacher,other,course,2,2,2,0,0,0,0,1,1,1,1,0,4,4,4,4,4,4,0,10,11,11
190,1,1,16,1,1,1,2,2,services,other,reputation,2,2,2,0,0,0,0,1,0,1,1,0,3,4,4,1,4,5,0,13,12,14
191,1,0,17,1,1,1,3,3,other,other,reputation,1,1,2,0,0,0,0,1,0,1,1,0,4,3,4,1,4,4,4,11,9,10
192,1,0,16,0,1,1,4,2,teacher,services,other,2,1,1,0,0,1,0,1,1,1,1,1,4,3,3,3,4,3,8,10,9,11
193,1,0,17,1,1,1,4,3,other,other,course,2,1,2,0,0,1,1,1,1,1,1,1,5,2,3,1,1,2,4,11,11,13
194,1,0,16,1,1,1,4,3,teacher,other,home,2,1,2,0,0,1,1,1,1,1,1,0,3,4,3,2,3,3,4,11,10,11
195,1,0,16,1,1,1,3,3,services,other,home,2,1,2,0,0,0,0,1,1,1,1,1,4,2,3,1,2,3,0,11,12,13
196,1,1,17,1,1,1,2,4,services,services,reputation,1,1,2,0,0,1,0,1,1,1,0,0,5,4,2,2,3,5,0,17,18,17
197,1,1,17,1,0,1,3,3,other,other,reputation,2,1,2,0,0,1,0,1,1,1,1,1,5,3,3,2,3,1,32,14,13,14
198,1,1,16,1,1,1,3,2,other,other,reputation,2,1,2,0,0,1,0,0,1,1,1,0,1,2,2,1,2,1,8,14,15,16
199,1,0,17,1,1,1,3,3,services,services,other,2,1,2,0,0,1,0,1,1,1,1,1,4,3,4,2,3,4,6,11,13,14
200,1,0,16,1,1,1,1,2,services,services,other,2,1,1,0,0,1,0,1,1,1,1,1,3,3,3,1,2,3,0,10,9,11
201,1,0,16,1,0,1,2,1,other,other,course,2,1,2,0,0,0,0,1,1,1,1,1,4,2,3,1,2,5,0,13,14,16
202,1,1,17,1,1,0,3,3,health,other,reputation,2,1,2,0,0,1,0,0,0,1,1,1,3,3,3,1,3,3,10,12,13,14
203,1,0,17,0,1,1,1,2,at_home,other,home,2,1,2,0,0,0,0,0,1,1,0,0,3,1,3,1,5,3,6,9,9,10
204,1,1,16,1,1,1,2,3,services,services,course,2,1,2,0,0,0,0,0,1,1,1,0,4,3,3,1,1,2,6,12,12,13
205,1,1,17,1,1,1,1,1,at_home,services,course,2,1,2,0,0,0,0,1,1,1,1,0,5,3,3,1,1,3,0,12,11,12
206,1,0,17,1,1,1,1,2,at_home,services,other,0,2,2,0,0,0,0,1,0,1,1,0,4,4,4,4,5,5,16,10,11,12
207,1,0,16,0,1,1,3,3,services,services,reputation,2,1,1,0,0,1,0,1,1,1,1,0,4,3,2,3,4,5,0,11,10,10
208,1,0,16,1,1,1,2,3,other,other,home,1,2,1,0,0,0,0,0,1,1,1,0,5,3,3,1,1,3,0,13,12,12
209,1,1,17,1,0,1,2,4,services,services,course,1,1,2,0,0,0,0,1,1,1,1,1,4,3,2,1,1,5,8,14,15,16
210,1,0,17,1,1,1,4,4,services,teacher,home,2,1,1,0,0,0,0,0,1,1,1,0,5,2,3,1,2,5,4,13,13,14
211,1,0,16,0,0,1,3,3,teacher,other,home,1,3,1,0,0,1,0,1,1,1,1,0,3,3,4,3,5,3,16,10,11,12
212,1,1,17,1,1,1,4,4,services,teacher,home,2,2,1,1,0,1,0,0,1,1,1,0,4,2,4,2,3,2,30,14,15,16
213,1,1,16,1,0,1,4,4,teacher,teacher,reputation,2,1,2,0,0,1,0,0,1,1,1,0,4,5,2,1,2,3,0,11,10,11
214,1,1,16,1,1,1,4,3,health,other,home,2,1,2,0,0,1,0,1,1,1,1,0,4,3,5,1,5,2,2,14,14,15
215,1,1,16,1,1,1,2,3,other,other,reputation,2,1,2,0,1,1,0,1,1,1,0,0,4,4,3,1,3,4,4,11,12,12
216,1,1,17,1,1,1,1,1,other,other,course,2,1,2,0,0,1,0,0,0,1,0,0,4,4,4,1,3,1,0,14,15,15
217,1,1,17,0,1,1,2,2,other,other,reputation,2,1,1,0,0,1,0,0,1,1,1,0,5,3,2,1,2,3,21,13,13,13
218,1,1,16,0,1,1,2,2,services,services,reputation,2,2,4,0,0,1,0,1,0,1,1,0,5,3,5,1,1,5,6,13,13,13
219,1,1,17,1,1,1,3,4,at_home,services,home,2,1,3,1,0,1,1,0,1,1,1,1,4,4,3,3,4,5,14,8,9,8
220,1,1,16,1,1,0,3,1,services,other,course,2,1,2,0,0,1,0,0,1,1,1,0,2,3,3,2,2,4,2,11,11,12
221,1,1,16,1,1,1,4,3,teacher,other,other,2,1,2,0,0,0,0,1,1,1,1,1,1,3,2,1,1,1,4,14,15,15
222,1,1,16,1,1,1,1,1,at_home,other,home,2,2,1,0,0,1,0,0,1,1,0,0,4,3,2,1,4,5,2,12,13,13
223,1,1,17,0,1,1,4,3,teacher,other,reputation,2,2,3,0,0,1,0,1,1,1,1,1,4,4,2,1,1,4,0,11,12,12
224,1,1,19,1,1,1,3,3,other,other,reputation,0,1,4,0,0,1,0,1,1,1,1,0,4,3,3,1,2,3,4,12,12,12
225,1,0,17,1,0,1,4,4,services,other,home,2,1,2,0,0,1,0,0,1,1,1,1,5,3,5,4,5,3,15,13,12,12
226,1,1,16,1,1,0,2,2,other,other,reputation,2,1,2,0,1,1,0,0,1,1,1,0,3,3,4,1,1,4,0,13,13,13
227,1,0,18,1,1,1,2,2,services,other,home,2,1,2,0,0,1,0,1,1,1,1,0,4,4,4,2,4,5,10,12,11,11
228,1,1,17,0,0,1,4,4,services,other,other,2,1,1,0,0,1,0,0,1,1,0,0,5,2,1,1,2,3,6,12,11,11
229,1,1,17,1,0,1,3,2,other,other,reputation,2,2,2,0,0,0,0,0,1,1,1,0,4,4,4,1,3,1,2,14,16,15
230,1,1,17,1,1,1,4,3,other,other,reputation,2,1,2,0,0,0,0,0,1,1,1,1,3,4,5,2,4,1,16,11,9,10
231,1,0,18,1,0,1,3,3,services,health,home,1,1,2,0,0,1,0,0,1,1,1,0,3,2,4,2,4,4,10,10,10,10
232,1,1,17,1,1,1,2,3,at_home,other,home,1,2,1,0,0,1,0,0,1,1,0,0,3,3,3,1,4,3,4,12,13,13
233,1,1,17,1,1,1,2,2,at_home,at_home,course,2,1,3,0,0,1,0,1,1,1,1,0,4,3,3,1,1,4,0,12,12,13
234,1,1,17,0,1,1,2,1,at_home,services,reputation,2,2,2,0,0,1,0,1,1,1,1,0,4,2,5,1,2,5,0,11,10,11
235,1,1,17,1,1,1,1,1,at_home,other,reputation,2,1,3,0,0,1,0,1,1,1,0,1,4,3,4,1,1,5,12,12,12,12
236,1,1,16,1,1,1,2,3,services,teacher,other,2,1,2,0,1,0,0,0,1,1,1,0,2,3,1,1,1,3,0,13,13,14
237,1,0,18,1,1,1,2,2,other,other,home,2,2,2,3,0,1,1,0,1,1,1,0,3,3,3,5,5,4,9,10,9,10
238,1,1,16,1,1,1,4,4,teacher,services,home,2,1,3,0,0,1,0,1,0,1,1,0,5,3,2,1,1,5,4,15,16,16
239,1,1,18,0,1,1,3,1,other,other,reputation,2,1,2,0,0,0,0,1,1,1,1,1,5,3,3,1,1,4,4,8,8,8
240,1,1,17,1,1,1,3,2,other,other,course,2,1,2,0,0,0,0,1,0,1,1,0,5,3,4,1,3,3,2,17,18,17
241,1,0,17,1,0,1,2,3,services,services,reputation,1,1,2,0,0,1,0,0,0,1,1,0,5,3,3,1,3,3,0,10,11,11
242,1,0,18,1,0,1,2,1,at_home,other,course,2,4,2,0,1,1,0,1,1,1,1,1,4,3,2,4,5,3,2,9,10,11
243,1,1,17,1,1,0,2,1,other,other,course,2,2,3,0,0,0,0,1,1,1,1,1,3,2,3,1,2,3,0,15,15,16
244,1,1,17,1,0,1,4,3,health,other,reputation,1,1,2,0,0,0,0,1,1,1,1,1,3,2,3,1,2,3,0,14,12,12
245,1,0,17,0,1,1,2,2,other,other,course,1,2,2,0,0,1,0,1,1,1,1,0,4,5,2,1,1,1,0,12,13,13
246,1,0,17,1,1,1,4,4,teacher,teacher,reputation,2,1,2,0,1,1,0,1,1,1,1,1,4,5,5,1,3,2,0,13,13,13
247,1,0,16,1,1,1,4,4,health,other,reputation,1,1,2,0,0,1,0,1,1,1,1,0,4,2,4,2,4,1,0,13,13,14
248,1,0,16,1,0,1,1,1,other,other,home,2,2,2,0,0,1,0,0,1,1,1,0,3,4,2,1,1,5,2,9,9,9
249,1,0,16,1,1,1,3,2,at_home,other,reputation,2,2,3,0,0,0,0,1,1,1,1,1,5,3,3,1,3,2,0,12,12,12
250,1,0,17,1,0,1,2,2,other,other,home,1,1,2,0,0,0,0,1,0,1,1,1,4,4,2,5,5,4,0,16,16,16
251,1,1,16,1,1,1,2,1,other,other,home,2,1,1,0,0,0,0,0,1,1,1,1,4,5,2,1,1,5,4,9,10,10
252,1,1,16,1,1,0,4,1,other,other,home,2,1,2,0,0,0,0,1,1,1,1,1,5,3,3,1,2,5,0,14,13,13
253,1,1,18,1,0,0,2,4,services,other,course,2,2,2,1,0,1,0,0,1,1,1,0,4,3,3,1,1,3,18,10,10,10
254,1,1,18,1,0,1,2,2,at_home,services,course,2,1,2,1,0,1,0,0,0,1,1,1,5,3,1,1,1,5,16,9,8,10
255,1,1,18,1,1,1,3,3,other,other,course,2,2,1,1,0,0,0,0,1,0,1,0,4,1,1,1,1,3,14,8,7,7
256,1,0,18,1,1,1,2,2,other,at_home,course,0,1,1,1,0,1,0,1,0,0,1,1,4,4,3,2,2,1,26,7,8,8
257,1,0,17,1,1,1,4,4,teacher,teacher,course,2,1,1,0,0,1,0,1,0,1,1,0,4,2,1,1,2,5,6,10,8,9
258,1,1,17,1,1,1,3,2,other,other,course,1,1,2,0,0,0,0,1,1,1,0,0,5,4,2,1,1,3,4,14,14,15
259,1,1,17,1,0,1,1,1,at_home,at_home,course,2,1,3,0,0,1,0,1,1,1,1,1,4,3,2,1,2,4,10,11,10,10
260,1,1,16,1,1,1,1,2,other,other,course,2,1,1,0,0,0,0,0,1,0,1,0,5,3,5,1,2,5,4,12,11,11
261,1,1,17,0,1,1,2,1,at_home,services,course,2,3,2,0,0,0,0,1,1,1,0,0,2,1,1,1,1,3,2,13,13,13
262,1,1,17,0,0,0,1,4,other,other,course,0,4,1,1,0,1,0,0,1,1,1,0,5,5,4,1,1,5,14,9,9,8
263,1,0,18,1,1,1,2,2,other,services,reputation,1,1,2,0,0,0,0,0,1,0,1,0,5,5,4,3,5,2,16,8,7,8
264,1,1,17,1,0,0,2,2,other,other,home,2,1,1,1,0,1,0,0,0,0,1,0,3,1,2,1,1,1,8,11,9,10
265,1,1,17,0,0,1,1,1,at_home,other,course,2,2,3,0,0,0,0,1,1,1,1,0,4,3,3,1,3,5,4,15,14,15
266,1,1,17,1,0,0,4,2,teacher,other,course,2,1,2,0,0,1,0,1,1,1,0,0,4,3,2,1,1,4,4,15,14,14
267,1,0,17,1,0,1,4,3,health,other,course,2,2,2,0,0,0,0,1,1,1,1,1,2,5,5,1,4,5,8,15,15,15
268,1,0,17,0,0,0,4,4,teacher,other,course,2,2,2,0,0,1,0,0,1,1,1,0,3,3,3,2,3,4,0,12,12,12
269,1,0,16,1,0,1,4,3,teacher,other,course,2,1,1,0,0,0,0,1,0,1,1,0,5,4,5,1,1,3,7,14,14,15
270,1,0,16,1,1,1,4,4,services,services,course,2,1,1,0,0,0,1,1,1,1,1,0,5,3,2,1,2,5,4,14,15,15
271,1,1,17,1,1,1,4,4,teacher,services,course,2,1,2,0,0,1,1,0,1,1,1,1,5,3,1,1,4,5,2,11,11,12
272,1,0,17,0,1,1,1,1,other,other,home,1,2,3,0,0,0,0,0,0,1,1,1,4,3,3,1,1,1,2,13,14,15
273,1,1,17,1,1,1,3,3,services,other,home,2,2,3,0,0,1,0,0,1,1,1,1,4,2,2,2,3,5,10,11,11,11
274,1,1,17,1,1,1,1,1,at_home,other,course,2,1,2,0,1,0,0,0,0,1,0,1,4,3,2,1,1,4,10,10,9,10
275,1,1,18,1,1,1,2,1,other,other,course,0,2,3,0,0,1,0,0,0,1,1,1,4,4,4,1,1,3,10,12,10,11
276,1,0,16,1,1,1,2,1,other,other,course,2,3,1,0,0,0,0,0,1,1,1,0,4,3,3,1,1,4,7,15,16,16
277,1,1,17,1,1,1,1,1,other,services,course,1,1,2,0,0,1,0,0,1,1,0,0,4,3,4,1,2,5,4,11,10,11
278,1,0,17,1,1,1,2,3,other,other,course,1,2,1,0,0,0,0,0,1,1,1,0,5,2,2,1,1,2,2,9,12,13
279,1,0,22,1,1,1,3,1,services,services,other,2,1,1,3,0,0,0,0,0,0,1,1,5,4,5,5,5,1,12,7,8,5
280,1,0,18,0,0,1,3,3,other,services,course,2,1,2,0,0,1,0,0,1,1,1,1,4,3,3,1,3,5,8,10,9,10
281,1,0,16,1,1,1,0,2,other,other,other,2,1,1,0,0,0,0,0,0,1,1,0,4,3,2,2,4,5,0,11,12,11
282,1,0,18,1,1,1,3,2,services,other,course,2,2,1,0,0,0,0,0,1,0,1,0,4,4,5,2,4,5,8,7,8,7
283,1,0,16,1,1,1,3,3,at_home,other,reputation,0,3,2,1,1,1,0,0,0,1,1,0,5,3,3,1,3,2,4,9,11,10
284,1,0,18,1,1,1,2,1,services,services,other,2,1,1,2,0,0,0,0,0,0,1,0,3,2,5,2,5,5,4,7,8,6
285,1,0,16,0,1,1,2,1,other,other,course,2,2,1,0,0,0,0,1,0,1,0,0,3,3,2,1,3,3,2,14,13,12
286,1,0,17,0,1,1,2,1,other,other,course,2,1,1,0,0,0,0,0,0,1,1,0,4,4,2,2,4,5,0,12,12,13
287,1,0,17,1,0,1,1,1,health,other,course,2,2,1,1,0,1,0,1,1,1,1,0,4,4,4,1,2,5,0,9,10,10
288,1,1,18,1,0,0,2,1,other,other,course,2,1,2,0,0,1,0,0,0,1,1,1,4,3,4,1,3,5,2,12,12,13
289,1,1,17,1,0,1,4,2,teacher,services,reputation,2,1,4,0,0,1,0,1,1,1,1,0,4,2,3,1,1,4,2,14,15,17
290,1,1,19,1,1,1,2,2,services,services,home,2,1,2,0,0,1,0,0,1,1,1,0,4,3,3,1,1,5,0,10,10,11
291,1,0,18,1,0,1,2,1,services,other,course,2,3,2,1,0,0,0,1,0,0,1,0,4,4,5,4,4,5,4,11,10,11
292,1,1,17,0,1,1,4,2,other,other,course,2,1,3,0,0,1,0,1,1,1,1,0,4,3,4,1,3,5,2,11,12,14
293,1,1,18,1,0,1,1,1,other,at_home,home,2,1,3,0,0,1,0,0,0,1,0,0,4,4,3,2,3,3,4,11,12,14
294,1,1,18,0,1,1,2,2,other,other,home,2,1,2,0,1,0,0,0,1,1,0,0,3,2,3,1,1,5,4,11,11,13
295,1,0,19,1,0,0,4,3,services,at_home,reputation,2,1,2,0,0,1,0,0,1,1,1,0,4,3,1,1,1,1,4,11,13,14
296,1,0,18,1,1,1,2,1,other,other,home,2,1,2,0,0,0,0,1,1,1,1,0,5,2,4,1,2,4,2,16,16,16
297,1,0,17,0,1,1,2,2,other,services,other,2,2,1,0,0,0,0,0,0,0,0,0,5,2,2,1,1,4,0,9,10,10
298,1,1,17,1,0,1,2,2,services,services,course,1,1,4,0,0,0,0,1,1,1,1,1,3,4,1,1,1,2,2,10,11,12
299,1,1,20,0,1,1,2,1,other,other,course,0,2,2,0,0,1,1,1,1,0,1,1,1,2,3,1,2,2,8,10,12,12
300,1,1,18,1,1,1,4,3,services,other,home,1,1,2,0,0,1,0,0,1,1,1,1,3,1,2,1,3,2,2,15,15,15
301,1,0,18,1,1,1,4,3,teacher,other,course,2,1,2,0,0,1,0,0,0,1,1,0,4,3,2,1,1,3,2,10,10,11
302,1,0,18,0,1,1,3,2,other,other,course,2,1,3,0,0,0,0,1,0,1,0,0,5,3,2,1,1,3,2,10,11,12
303,1,1,17,1,1,1,3,3,other,other,home,2,1,3,0,0,0,0,1,0,1,0,0,3,2,3,1,1,4,2,15,12,13
304,1,1,18,1,1,1,2,2,at_home,services,home,2,1,3,0,0,1,0,1,1,1,1,1,4,3,3,1,1,3,0,11,12,13
305,1,0,17,1,1,1,2,2,other,other,home,1,2,1,0,0,0,0,0,1,0,1,0,4,4,4,2,3,4,8,8,8,9
306,1,0,18,0,0,0,3,4,other,other,reputation,2,2,2,0,0,1,0,1,1,1,1,0,4,2,5,3,4,1,6,15,16,16
307,1,0,17,1,1,1,3,1,services,other,other,2,1,2,0,0,0,0,1,1,1,1,1,5,4,4,3,4,5,0,11,11,14
308,1,1,18,0,1,1,4,4,teacher,other,reputation,2,2,2,0,0,0,0,1,1,1,1,0,4,3,4,2,2,4,8,10,11,12
309,1,0,18,1,1,1,4,2,health,other,reputation,1,1,2,0,0,1,0,1,1,1,1,1,5,4,5,1,3,5,4,10,12,14
310,1,1,18,0,1,1,2,1,other,other,reputation,2,2,2,0,0,1,0,0,1,0,1,1,4,3,5,1,2,3,12,8,9,10
311,1,1,19,1,1,1,3,3,other,services,home,0,1,2,0,0,1,0,1,1,1,1,0,4,3,5,3,3,5,16,11,12,12
312,1,1,18,1,1,1,2,3,other,services,reputation,1,1,4,0,0,1,0,1,1,1,1,1,4,5,5,1,3,2,10,16,16,16
313,1,1,18,1,0,1,1,1,other,other,home,2,2,2,0,0,1,0,0,0,1,0,0,4,4,3,1,1,3,2,13,13,13
314,1,0,17,0,1,1,1,2,at_home,at_home,home,2,1,2,0,0,1,0,1,0,1,0,1,3,5,2,2,2,1,2,16,17,18
315,1,1,18,1,1,1,2,1,other,other,home,2,1,2,0,0,1,0,0,1,1,1,1,4,2,5,1,2,1,8,14,14,15
316,1,1,17,1,1,1,2,4,at_home,health,reputation,2,2,2,0,0,1,0,0,1,1,1,1,4,3,3,1,1,1,6,15,16,16
317,1,1,17,1,0,1,2,2,services,other,course,2,2,2,0,1,1,0,0,1,1,1,1,4,4,4,2,3,5,6,12,12,12
318,1,1,18,0,1,0,3,2,other,services,home,2,2,2,0,0,0,0,0,0,0,1,1,4,1,1,1,1,5,15,12,9,10
319,1,0,18,1,1,1,4,4,teacher,services,home,2,2,1,0,0,0,0,1,1,1,1,0,3,2,4,1,4,3,6,11,12,12
320,1,1,18,1,1,1,4,4,health,health,reputation,1,1,2,1,1,1,0,1,1,1,1,1,2,4,4,1,1,4,2,14,12,13
321,1,1,17,1,1,1,2,2,other,services,reputation,1,3,3,0,0,1,0,0,1,1,1,1,4,2,3,1,1,1,8,13,15,15
322,1,1,19,0,1,1,3,2,services,services,reputation,1,1,2,1,1,1,0,0,1,0,1,0,3,3,3,4,3,3,0,9,8,10
323,1,0,18,1,0,1,4,3,teacher,services,course,2,2,1,0,0,0,0,1,1,1,1,0,4,2,3,1,2,1,0,10,10,10
324,1,0,18,1,1,1,1,2,at_home,other,home,0,2,1,0,0,0,0,0,0,0,1,0,3,4,4,2,4,4,10,10,10,11
325,1,0,17,1,0,0,4,1,services,other,home,2,2,1,0,0,0,0,1,1,1,1,1,4,5,4,2,4,5,22,11,11,10
326,1,0,17,1,0,0,3,2,teacher,services,home,2,1,1,0,0,0,0,0,1,1,1,0,4,4,4,3,4,3,18,13,13,13
327,1,1,18,0,0,1,1,1,at_home,other,reputation,2,2,4,0,0,1,0,1,1,1,0,0,5,2,2,1,1,3,2,17,17,18
328,1,1,18,1,1,1,1,1,other,other,home,2,2,2,0,1,0,0,1,1,1,1,0,5,4,4,1,1,4,0,12,13,13
329,1,1,17,1,1,1,2,2,other,other,course,2,1,2,0,0,1,0,0,0,1,1,0,5,4,5,1,2,5,12,12,12,14
330,1,1,18,1,1,1,2,1,other,other,reputation,2,2,2,0,0,0,0,1,1,1,1,1,4,3,1,1,1,5,10,12,13,14
331,1,0,17,1,1,1,1,1,other,other,reputation,1,1,2,0,0,0,0,0,0,1,1,0,4,3,3,1,2,4,0,12,12,12
332,1,1,18,1,1,1,2,2,at_home,at_home,other,2,1,3,0,0,1,0,0,1,1,1,0,4,3,3,1,2,2,0,18,18,18
333,1,1,17,1,1,1,1,1,services,teacher,reputation,2,1,3,0,0,1,0,0,1,1,1,0,4,3,3,1,1,3,0,13,13,14
334,1,0,18,1,1,1,2,1,services,services,reputation,2,1,3,0,0,0,0,1,1,1,1,0,4,2,4,1,3,2,0,14,15,15
335,1,0,18,1,0,0,4,4,teacher,teacher,reputation,2,1,2,0,0,1,0,1,1,1,1,0,5,4,3,1,1,2,0,17,17,17
336,1,0,18,1,1,1,4,2,teacher,other,home,2,1,2,0,0,1,0,1,1,1,1,1,4,3,2,1,4,5,2,15,16,16
337,1,1,17,1,1,1,4,3,health,services,reputation,2,1,3,0,0,1,0,0,1,1,1,0,4,2,2,1,2,3,0,17,18,18
338,1,1,17,0,0,1,3,1,services,other,reputation,2,2,4,0,0,1,0,0,1,1,0,0,3,1,2,1,1,3,0,18,19,19
339,1,0,18,0,0,1,3,2,services,other,reputation,2,2,3,0,0,1,0,1,1,1,1,0,5,4,2,1,1,4,0,14,15,15
340,1,0,17,1,1,1,3,3,health,other,home,2,1,1,0,0,1,0,0,1,1,1,0,4,4,3,1,3,5,0,14,15,15
341,1,1,19,1,1,1,4,4,health,other,reputation,0,2,2,0,0,1,0,1,1,1,1,0,2,3,4,2,3,2,2,14,13,13
342,1,1,18,1,0,1,4,3,other,other,home,0,2,2,0,0,1,0,0,1,1,1,1,4,4,5,1,2,2,0,13,14,14
343,1,1,18,1,1,1,4,3,other,other,reputation,1,1,4,0,0,1,0,0,1,1,1,0,4,3,3,1,1,3,0,16,17,17
344,1,0,18,1,0,1,4,4,teacher,teacher,home,2,1,1,0,0,1,0,0,1,1,1,1,1,4,2,2,2,1,0,18,18,17
345,1,1,18,1,0,0,4,4,health,other,home,2,1,2,0,0,1,1,0,1,1,1,1,4,2,4,1,1,4,0,14,15,15
346,1,0,17,1,0,1,4,4,other,teacher,home,1,2,1,0,0,0,0,0,1,1,1,0,4,1,1,2,2,5,0,12,13,13
347,1,1,17,0,1,1,4,4,services,services,reputation,2,2,3,0,0,1,0,1,1,1,1,0,5,3,4,1,1,5,0,7,7,8
348,1,1,17,1,1,1,4,2,other,other,reputation,2,2,3,0,0,1,0,0,1,1,1,0,4,3,3,1,1,3,0,16,16,16
349,1,1,17,1,1,1,3,2,health,health,reputation,1,1,4,0,0,1,0,1,0,1,1,0,5,2,2,1,2,5,0,18,18,18
350,1,0,19,0,0,1,2,1,at_home,services,course,2,2,3,1,0,0,0,1,1,1,1,1,4,3,1,1,1,5,0,9,10,11
351,1,0,20,1,1,0,3,2,services,other,course,0,1,1,2,0,0,0,1,1,1,0,0,5,5,3,1,1,5,0,14,15,15
352,1,0,19,0,1,1,3,3,other,services,reputation,1,1,2,0,0,0,0,1,1,1,0,1,4,5,3,1,2,5,0,10,10,11
353,1,1,18,1,1,1,1,4,other,teacher,home,2,1,2,0,1,1,0,0,0,1,0,1,3,4,4,1,2,5,2,10,10,11
354,1,1,18,1,1,1,2,1,services,other,course,2,2,2,0,0,1,0,1,1,1,1,0,5,3,3,1,2,1,2,12,12,15
355,1,1,17,1,1,1,2,3,other,other,course,1,2,2,0,0,0,0,1,1,1,1,1,4,2,1,1,1,3,2,11,12,14
356,1,1,17,0,1,1,4,4,teacher,teacher,course,2,1,1,0,0,0,0,1,1,1,1,0,4,4,4,1,1,5,2,15,16,17
357,1,1,18,1,1,1,4,3,other,other,course,2,1,3,0,0,1,0,1,1,1,1,1,4,3,4,1,1,5,2,14,15,17
358,1,1,18,1,0,1,4,3,health,services,course,2,2,1,0,0,1,0,0,1,1,1,0,3,2,4,1,4,1,8,12,12,15
359,1,1,17,0,1,1,3,4,at_home,services,course,1,1,3,0,0,1,0,1,0,1,1,0,4,3,4,2,5,5,2,15,15,17
360,1,1,18,1,1,1,3,3,at_home,other,course,1,1,2,0,0,1,0,0,1,1,1,0,4,1,4,1,1,3,8,11,12,14
361,1,0,19,1,1,1,4,2,health,other,course,2,2,2,0,0,1,0,1,1,1,1,1,5,4,4,1,1,1,9,11,10,10
362,1,1,18,1,1,1,4,4,teacher,other,course,2,1,2,0,0,1,0,0,1,1,1,0,4,4,4,3,3,5,0,12,11,13
363,1,1,18,1,1,1,3,4,other,other,course,2,1,1,0,0,1,0,1,1,1,1,1,5,4,4,1,1,1,4,11,12,14
364,1,1,17,1,1,1,4,4,health,health,course,2,1,1,0,0,0,0,1,1,1,1,0,5,3,4,1,2,5,2,14,15,17
365,1,1,17,1,1,0,4,3,services,services,course,2,1,2,0,0,1,0,0,1,1,1,1,5,2,2,1,2,5,14,15,14,17
366,1,1,17,1,0,0,3,3,services,other,home,2,1,2,0,1,1,0,0,1,1,1,0,5,3,3,1,1,5,0,12,12,13
367,1,1,17,1,0,1,2,1,other,other,home,1,1,2,0,0,0,0,1,1,1,1,0,4,2,3,2,2,2,2,11,12,14
368,1,0,18,1,0,1,4,4,other,other,reputation,1,1,1,0,0,1,0,0,1,1,1,0,4,2,5,3,4,5,2,8,9,11
369,1,1,19,1,1,1,1,1,other,other,course,0,3,3,0,0,0,0,1,1,0,0,1,1,5,5,4,3,5,12,10,10,11
370,1,1,19,1,0,0,1,1,other,other,course,0,3,2,2,0,1,0,0,0,1,1,1,5,3,4,1,1,4,2,8,8,9
371,1,1,18,1,1,1,2,2,other,other,course,2,1,1,0,0,1,0,1,1,1,1,1,4,3,5,2,4,5,2,10,10,10
372,1,1,17,1,1,1,2,2,other,other,course,2,1,2,0,0,1,0,0,1,1,0,1,4,2,2,1,1,3,4,14,13,13
373,1,1,17,0,0,1,2,2,services,services,course,2,1,3,0,0,1,0,1,1,1,1,0,3,3,2,2,2,3,0,11,11,10
374,1,1,17,1,1,1,3,1,services,services,course,1,1,3,0,0,1,0,0,0,1,1,0,3,4,3,2,3,5,0,17,18,17
375,1,1,17,1,0,1,0,2,at_home,at_home,home,1,2,3,0,0,0,0,0,1,1,1,0,3,3,3,2,3,2,0,14,14,15
376,1,1,18,1,1,1,1,1,other,other,home,2,2,3,0,0,0,0,1,1,1,1,0,4,5,5,1,2,2,0,14,14,14
377,1,0,18,1,1,1,4,4,other,other,course,2,1,3,0,0,0,0,1,1,1,1,0,4,3,3,2,2,3,0,13,14,13
378,1,0,17,1,1,1,3,3,other,services,reputation,2,1,1,0,0,0,0,1,0,1,1,0,4,3,5,3,5,5,0,17,18,17
379,1,0,17,0,1,1,2,2,services,other,course,2,4,1,0,0,1,0,0,1,1,1,0,4,4,5,5,5,4,2,11,10,10
380,1,1,17,1,1,1,4,4,teacher,services,course,2,1,3,0,0,1,0,1,1,1,1,0,5,4,4,1,3,4,0,13,12,13
381,1,1,17,1,1,1,4,4,teacher,teacher,course,2,2,3,0,0,1,0,0,0,1,1,1,4,3,3,1,2,4,4,15,14,15
382,1,1,17,1,1,1,3,3,at_home,other,course,2,1,1,0,0,1,1,1,1,1,1,0,4,2,5,2,5,5,2,11,12,11
383,1,0,18,1,0,1,2,2,other,other,course,2,1,4,0,0,1,1,1,1,1,1,0,4,5,5,2,4,5,0,11,11,12
384,1,0,19,0,1,1,3,2,at_home,services,home,0,1,1,0,0,1,0,0,0,1,0,1,5,3,4,2,2,5,0,11,10,10
385,1,1,18,1,1,1,2,2,at_home,other,course,2,4,2,0,0,0,0,1,1,1,0,1,4,2,5,1,1,2,2,10,9,10
386,1,1,17,0,1,1,2,4,at_home,other,course,1,1,3,0,0,1,0,0,1,1,1,1,4,4,3,1,1,5,0,15,15,15
387,1,0,18,1,1,1,2,2,other,other,reputation,2,1,1,0,0,0,0,0,0,1,1,0,5,4,2,1,2,5,6,15,14,15
388,1,1,18,1,1,1,3,3,services,services,home,2,1,2,0,0,0,0,1,1,1,1,0,5,3,4,1,1,4,8,10,11,12
389,1,1,18,1,0,1,2,2,other,other,home,0,1,2,0,0,0,0,1,0,1,1,1,4,3,3,1,1,2,0,10,9,12
390,1,1,18,0,1,1,2,2,at_home,other,course,2,2,4,0,0,0,0,1,1,1,0,0,4,4,4,1,1,4,6,14,13,14
391,1,1,17,1,1,1,3,4,services,other,course,2,1,3,0,0,0,0,0,1,1,1,0,4,4,5,1,3,5,8,11,13,14
392,1,1,17,1,1,1,3,2,other,other,home,2,1,2,0,0,1,0,0,1,1,1,1,4,3,2,2,3,2,0,12,13,15
393,1,1,18,1,0,1,3,3,services,services,home,2,1,4,0,0,1,0,0,1,1,1,0,5,3,3,1,1,1,4,14,14,15
394,1,1,17,0,1,0,3,2,other,other,home,2,1,2,0,0,1,0,0,1,1,1,0,4,3,3,2,3,2,0,14,14,16
395,1,0,18,1,1,1,4,4,teacher,services,home,1,1,2,0,0,1,0,1,1,1,1,0,4,3,3,2,2,2,0,12,12,13
396,1,0,18,1,0,1,3,4,services,other,home,2,1,2,0,0,0,0,1,1,1,1,1,4,3,3,1,3,5,6,16,16,17
397,1,1,17,1,1,0,2,2,at_home,at_home,home,1,1,2,0,0,1,0,0,1,1,1,1,3,3,1,1,2,4,18,10,12,14
398,1,1,18,1,1,1,2,3,at_home,other,course,2,1,3,0,0,1,0,0,1,1,1,0,4,3,3,1,2,3,0,11,12,14
399,1,1,18,1,1,1,3,2,other,services,other,2,1,3,0,0,0,0,0,1,1,1,1,5,4,3,2,3,1,4,14,16,17
400,1,0,18,0,1,1,4,3,teacher,services,course,2,1,3,0,0,0,0,0,1,1,1,1,5,3,2,1,2,4,4,15,14,17
401,1,0,18,1,1,1,4,3,teacher,other,course,2,1,3,0,0,1,0,0,1,1,1,1,5,4,5,2,3,5,0,14,13,14
402,1,1,17,1,1,1,4,3,health,other,reputation,2,1,3,0,0,1,0,1,1,1,1,1,4,4,3,1,3,4,0,11,12,13
403,1,1,17,1,1,1,2,1,services,other,course,2,2,2,0,0,1,0,1,1,1,1,1,4,3,4,2,2,1,10,12,15,15
404,1,1,17,1,1,1,2,1,services,other,reputation,2,1,2,0,0,1,0,1,1,1,1,0,4,3,5,2,4,4,4,12,16,16
405,1,1,19,1,0,0,2,3,at_home,other,home,0,2,1,1,0,0,0,0,1,0,1,0,2,2,3,3,4,5,16,10,11,11
406,1,1,17,1,1,1,3,1,other,at_home,home,2,1,1,1,0,1,1,0,1,1,1,1,4,1,2,1,1,3,6,10,13,13
407,1,1,21,1,0,1,4,4,other,other,reputation,0,1,3,2,0,0,1,1,1,1,1,0,3,3,2,1,1,5,0,9,12,12
408,1,0,18,1,0,1,2,2,services,services,reputation,2,1,2,0,0,1,0,1,0,0,1,0,4,4,4,1,3,3,11,9,11,12
409,1,0,18,1,0,0,3,4,other,other,reputation,0,1,2,0,0,0,0,1,1,1,1,1,4,3,5,1,4,2,9,13,14,15
410,1,1,17,1,1,1,2,2,services,services,reputation,2,1,2,0,0,1,0,1,1,1,1,0,4,3,4,1,3,4,0,13,17,17
411,1,0,17,1,0,0,4,4,health,other,reputation,2,1,3,0,0,1,0,0,1,1,1,0,4,4,2,1,2,4,2,12,15,15
412,1,1,18,1,0,1,4,2,teacher,other,course,2,1,2,0,0,1,0,1,1,1,1,0,4,2,2,1,1,3,0,14,17,17
413,1,0,21,0,0,1,1,1,at_home,other,course,0,2,2,2,0,1,0,1,1,0,1,1,5,3,3,5,2,4,21,9,10,10
414,1,1,20,0,1,1,1,1,other,other,reputation,0,2,3,0,0,0,0,0,1,1,1,1,3,2,2,1,3,3,8,11,15,15
415,1,1,19,1,1,1,4,4,teacher,other,home,0,1,1,1,0,1,0,0,1,1,1,1,3,2,5,4,4,5,5,9,10,11
416,1,0,17,1,0,0,3,2,other,other,reputation,2,1,2,0,0,1,0,0,1,1,1,0,4,4,4,1,2,5,10,16,18,18
417,1,1,18,1,1,1,3,2,at_home,other,reputation,1,1,3,0,0,1,0,0,1,1,1,1,4,3,4,1,2,2,5,14,17,17
418,1,0,18,0,1,1,2,3,other,services,reputation,1,1,1,0,0,0,0,0,1,1,1,0,3,1,3,4,5,4,13,13,14,14
419,1,0,19,1,1,1,2,1,other,other,reputation,2,1,1,0,0,0,0,0,1,1,1,0,5,3,4,1,4,4,10,7,11,11
420,1,1,18,1,0,0,2,2,services,other,reputation,2,2,2,0,0,1,0,0,1,1,1,0,4,1,4,1,3,4,10,14,17,17
421,1,1,20,1,1,1,1,0,other,other,reputation,2,2,1,1,1,0,0,0,1,1,1,1,5,3,1,1,1,5,5,8,10,10
422,1,1,18,1,1,1,3,2,services,other,home,2,1,2,0,0,1,0,1,0,1,1,1,3,1,2,1,2,1,4,10,13,13
423,0,1,16,1,1,1,1,3,at_home,other,other,1,2,1,0,0,1,0,0,1,0,1,1,4,3,3,1,3,5,11,10,11,11
424,0,1,16,0,1,1,2,2,other,other,course,2,2,2,0,0,1,0,1,1,1,1,0,4,4,4,1,1,5,0,12,12,12
425,0,1,15,0,1,1,1,1,at_home,services,other,2,1,1,1,0,1,0,0,1,1,0,1,4,1,3,1,1,2,6,10,10,10
426,0,1,15,0,1,1,3,3,at_home,other,course,2,2,1,0,0,1,0,0,1,1,1,0,5,4,4,2,3,5,4,10,10,11
427,0,1,16,0,1,1,2,3,at_home,services,course,2,2,2,0,0,0,0,0,1,1,0,0,4,5,2,1,2,5,0,16,17,17
428,0,1,15,0,0,1,2,1,at_home,other,home,2,2,1,0,0,0,0,0,1,0,0,0,1,3,4,1,1,1,0,6,8,9
429,0,0,16,0,0,0,4,4,at_home,other,home,2,1,2,0,0,1,0,0,1,1,0,0,5,3,2,1,3,2,5,10,11,11
430,0,0,16,1,1,0,1,2,other,other,other,2,1,3,0,1,0,0,0,1,1,1,0,4,4,3,1,1,5,0,10,11,11
431,0,1,17,0,1,1,3,2,at_home,other,course,1,1,2,1,0,0,0,0,1,1,0,1,4,5,4,1,2,5,0,10,10,10
432,0,1,17,0,1,1,1,1,other,other,other,1,1,1,1,0,1,0,0,0,0,1,0,5,4,4,2,2,5,0,6,6,7
433,0,1,15,0,1,1,4,4,teacher,other,course,2,2,1,0,0,0,0,0,1,1,1,1,1,5,1,3,5,5,0,13,14,14
434,0,1,16,1,0,0,2,2,at_home,other,reputation,2,2,4,0,0,0,0,1,0,0,0,1,1,2,1,1,1,1,4,10,9,11
435,0,1,15,0,0,1,1,1,at_home,services,reputation,1,2,2,0,0,1,0,0,1,1,1,0,5,4,3,1,2,4,0,10,10,10
436,0,1,15,0,0,1,1,1,other,services,course,2,2,1,1,0,1,0,0,1,1,1,1,4,4,3,1,2,2,4,6,7,8
437,0,1,16,0,1,1,0,2,other,other,other,2,2,1,0,0,1,0,1,1,1,0,0,3,2,3,1,2,2,0,12,11,12
438,0,1,17,0,1,1,2,3,other,other,course,2,2,1,0,0,1,0,0,1,1,1,0,5,5,5,1,3,3,2,10,11,12
439,0,1,15,0,1,1,3,3,other,services,course,1,2,1,0,0,0,0,0,0,1,1,0,4,1,3,1,1,4,0,14,16,16
440,0,0,16,1,1,1,1,1,at_home,services,home,2,2,2,0,0,1,0,1,1,1,0,1,5,4,5,4,5,3,0,7,0,0
441,0,0,17,1,1,1,1,1,other,other,home,2,1,2,0,0,0,1,0,0,1,1,0,4,4,3,2,4,5,4,8,9,9
442,0,0,15,0,0,1,4,1,health,services,reputation,1,1,2,0,0,1,0,1,1,1,1,0,5,3,4,1,2,2,0,12,13,14
443,0,0,15,0,0,1,4,1,health,services,reputation,1,1,2,0,0,1,0,1,1,1,1,0,5,3,4,1,2,2,7,7,9,8
444,0,0,16,0,1,1,3,4,other,health,other,2,3,2,0,0,0,0,0,0,1,0,0,3,4,5,1,2,5,4,9,10,11
445,0,0,15,0,1,1,1,1,other,other,course,2,4,2,0,0,1,0,1,1,1,0,1,5,4,5,2,4,4,8,7,9,9
446,0,0,15,1,0,1,3,3,at_home,at_home,reputation,1,1,2,0,0,1,0,1,1,1,1,0,5,3,3,1,1,5,0,11,11,11
447,0,0,17,0,1,1,2,1,other,other,other,2,3,1,0,0,0,0,1,1,0,0,1,5,5,5,5,5,3,8,8,10,9
448,0,1,16,0,1,1,4,4,teacher,teacher,course,2,2,3,0,0,0,0,1,1,1,1,1,4,2,2,1,1,4,6,16,16,17
449,0,1,15,0,1,1,1,2,other,services,course,2,2,1,0,0,0,0,0,1,1,0,0,5,1,2,1,1,1,3,11,13,13
450,0,1,16,0,1,1,2,3,other,services,course,2,3,2,0,0,1,0,0,1,1,1,0,4,5,4,1,2,1,2,15,15,15
451,0,0,16,0,1,1,1,2,other,other,course,1,2,2,0,0,0,0,0,1,1,0,0,4,3,3,1,1,5,0,10,11,11
452,0,1,16,0,1,1,2,2,other,other,course,2,3,2,0,0,1,0,0,1,1,1,0,4,4,5,1,1,4,4,9,10,11
453,0,1,16,1,1,1,1,2,other,services,course,2,1,3,1,0,1,0,0,1,1,0,0,1,3,2,1,2,4,0,10,8,8
454,0,1,16,1,1,1,1,2,other,services,course,2,1,3,1,0,1,0,0,1,1,0,0,1,3,2,1,2,4,3,9,8,8
455,0,1,15,1,1,1,2,1,at_home,other,home,2,1,2,0,1,1,0,0,0,1,1,0,4,4,2,3,3,2,0,9,10,9
456,0,1,16,1,1,1,1,1,at_home,other,course,1,1,2,0,0,1,0,0,0,1,0,1,5,4,3,2,1,2,0,13,14,15
457,0,0,17,0,0,1,1,2,at_home,services,reputation,2,1,1,0,0,1,0,1,1,1,1,0,5,5,5,5,5,3,4,10,11,11
458,0,1,16,0,1,1,1,1,other,other,home,1,4,4,0,0,1,0,0,0,1,1,0,4,3,2,1,1,1,0,13,10,13
459,0,1,16,0,1,1,1,1,at_home,other,other,1,4,3,0,1,1,0,0,1,1,0,0,4,4,3,1,1,5,2,10,9,10
460,0,1,15,0,1,1,1,1,at_home,other,home,1,2,2,0,0,1,0,1,1,1,1,0,4,3,3,1,1,2,1,11,10,11
461,0,1,16,0,1,1,1,1,at_home,other,other,2,2,1,0,0,0,0,1,1,1,1,1,4,2,2,4,3,2,0,13,12,14
462,0,1,15,0,1,1,1,1,at_home,at_home,course,1,3,2,0,0,1,0,0,1,1,0,0,4,2,1,1,2,2,0,13,14,14
463,0,1,15,0,0,1,2,2,other,other,other,1,1,3,0,1,1,0,0,1,1,0,0,4,4,3,2,2,5,2,14,11,12
464,0,0,16,0,1,1,1,1,at_home,other,other,1,2,1,0,0,0,0,1,1,1,0,0,3,4,4,3,4,5,6,11,11,11
465,0,1,18,1,1,1,1,2,other,other,course,1,1,2,1,0,1,0,1,1,1,1,1,3,4,4,2,3,5,9,9,8,8
466,0,0,15,1,1,1,3,1,other,services,home,2,2,1,0,0,1,0,0,1,1,0,0,3,2,3,1,3,4,0,10,9,11
467,0,1,16,0,1,1,2,2,other,services,course,1,3,2,0,0,1,0,1,1,1,1,0,5,3,4,1,1,2,1,14,13,14
468,0,0,15,1,1,1,2,2,health,other,reputation,2,3,1,0,0,0,0,0,1,1,0,0,4,3,3,1,2,4,1,13,12,13
469,0,0,16,1,1,1,4,4,other,teacher,course,1,1,2,0,0,1,0,1,1,1,0,1,4,3,1,1,1,3,0,13,12,13
470,0,1,15,0,1,1,3,3,services,other,reputation,2,1,2,0,0,1,0,0,1,1,1,1,4,5,4,1,1,1,4,13,12,12
471,0,1,16,0,1,1,2,2,at_home,other,course,2,2,2,1,0,1,0,1,0,1,0,0,4,4,4,2,3,5,2,12,11,12
472,0,1,16,0,0,1,2,2,other,other,home,1,3,1,0,0,1,0,1,1,1,0,1,4,3,2,1,1,4,0,14,14,16
473,0,0,16,1,0,1,2,1,at_home,services,course,2,2,1,0,0,1,0,1,1,1,1,0,2,4,3,2,3,4,4,10,8,10
474,0,0,15,0,0,1,1,3,at_home,other,reputation,1,3,1,0,0,1,0,1,1,1,1,0,4,2,4,3,5,3,2,10,11,11
475,0,1,15,1,1,1,2,2,other,services,course,2,2,3,0,0,1,0,1,1,1,0,0,5,3,2,1,1,4,0,12,13,14
476,0,1,16,0,0,1,2,1,other,other,home,2,1,1,0,0,1,0,0,1,1,1,1,5,4,3,1,1,5,2,10,8,8
477,0,0,15,1,1,1,3,3,services,services,course,1,2,1,0,0,1,0,1,0,1,1,0,4,3,3,2,4,3,11,12,10,11
478,0,1,16,0,1,1,1,1,at_home,other,course,1,2,2,3,1,1,0,0,1,1,0,0,3,4,3,1,1,1,0,7,7,8
479,0,1,17,1,1,1,2,2,other,at_home,course,2,1,1,0,0,1,0,1,1,0,0,0,4,5,3,1,1,5,4,9,9,10
480,0,1,19,1,1,1,2,3,at_home,services,course,0,1,1,1,0,0,0,0,1,0,1,1,4,4,4,1,1,2,0,9,9,10
481,0,1,17,0,1,1,2,1,at_home,other,course,2,3,1,0,0,1,0,1,1,0,0,1,5,5,3,1,1,3,2,9,10,11
482,0,1,15,0,0,1,1,1,at_home,other,course,2,2,1,0,0,1,0,0,1,0,0,1,5,2,1,1,3,4,0,9,10,9
483,0,1,16,0,1,1,2,2,other,other,course,1,3,2,0,0,1,0,0,1,0,1,0,3,4,5,1,2,1,1,9,10,11
484,0,1,16,1,0,0,2,2,other,other,home,2,1,1,0,0,1,0,0,1,0,0,0,4,3,4,1,2,1,6,7,7,8
485,0,1,17,0,1,1,2,2,at_home,other,course,2,2,2,0,0,1,0,0,1,1,1,0,4,3,5,1,2,4,0,11,10,11
486,0,1,16,1,1,1,2,2,other,services,course,1,1,1,1,0,1,1,1,0,1,1,0,4,4,3,1,4,3,1,9,10,10
487,0,1,18,0,0,0,3,2,other,other,course,0,2,3,2,0,1,0,0,0,0,0,1,3,3,2,1,1,2,6,7,9,10
488,0,1,19,1,1,1,1,1,at_home,services,course,2,1,3,1,0,0,0,1,1,0,0,1,5,3,1,1,1,3,6,7,9,9
489,0,0,18,0,1,1,1,1,other,other,home,2,2,1,1,0,0,0,1,1,0,1,0,4,4,3,3,4,4,0,8,9,10
490,0,1,18,0,1,1,1,1,at_home,at_home,course,2,2,1,1,0,0,0,0,0,0,1,1,3,2,3,1,1,2,4,9,11,10
491,0,1,19,1,1,1,1,1,other,other,course,0,2,2,1,0,1,0,0,1,1,1,1,1,1,4,4,1,1,12,7,8,9
492,0,1,16,0,1,0,2,2,health,other,course,2,1,2,0,0,0,0,0,0,1,0,1,3,3,2,1,1,3,2,8,10,10
493,0,1,17,1,1,1,0,1,other,at_home,course,1,2,1,0,0,0,0,1,0,1,0,0,2,4,4,3,5,5,5,9,9,10
494,0,1,16,0,0,1,1,2,at_home,other,course,2,1,2,0,0,0,0,1,1,0,1,0,4,4,5,1,3,3,0,8,9,9
495,0,1,16,1,1,1,3,3,other,other,reputation,2,1,1,0,0,0,0,1,1,0,1,1,4,5,4,1,1,4,0,14,13,13
496,0,1,16,0,0,1,1,1,services,services,home,2,1,1,0,0,1,0,1,1,1,1,1,4,4,4,2,2,4,2,14,14,14
497,0,0,17,1,1,1,3,3,services,at_home,course,2,2,4,1,0,1,1,1,1,1,0,0,5,4,5,3,4,5,0,10,11,10
498,0,1,16,1,1,1,2,1,other,services,course,2,1,2,0,0,1,0,1,1,1,1,0,5,3,3,1,1,1,0,14,13,14
499,0,1,16,1,1,1,2,2,services,other,course,2,1,1,0,0,1,1,1,1,1,0,1,4,2,5,1,2,5,0,17,16,16
500,0,0,17,1,1,1,1,2,other,other,course,1,1,1,1,0,1,0,1,1,0,1,1,5,3,5,5,5,1,12,6,7,7
501,0,0,16,1,0,1,4,3,other,other,course,1,1,1,0,0,0,0,1,1,1,1,0,4,2,5,1,5,5,8,14,12,13
502,0,0,17,0,0,1,2,2,services,services,other,2,3,4,1,0,1,0,0,1,1,0,0,1,3,5,3,5,3,2,10,8,9
503,0,1,16,1,1,1,1,1,other,other,course,0,1,4,0,1,1,0,1,1,1,1,0,2,2,1,1,1,5,0,14,14,14
504,0,1,19,1,0,1,2,2,other,other,home,2,1,3,0,0,0,0,0,1,1,1,1,5,4,5,1,1,1,0,12,13,13
505,0,1,17,0,1,1,1,1,at_home,other,reputation,2,2,1,0,0,1,0,1,0,1,1,1,4,4,5,1,2,5,0,11,11,11
506,0,1,20,1,1,1,3,3,at_home,services,other,2,2,2,1,0,0,0,1,1,1,1,1,3,3,4,2,4,3,8,11,9,10
507,0,1,17,1,0,1,1,1,other,services,course,1,1,3,0,0,1,0,0,1,1,0,1,4,3,3,1,1,3,0,11,11,10
508,0,0,17,0,1,1,2,2,other,other,course,2,3,1,1,0,1,0,0,0,1,1,0,4,4,5,1,2,5,0,10,9,9
509,0,1,16,0,0,1,1,1,at_home,other,course,1,3,2,0,0,1,0,0,1,1,0,0,5,3,2,1,1,1,0,16,17,18
510,0,1,17,0,1,1,2,2,other,other,reputation,2,2,2,0,0,1,0,1,1,1,0,0,5,3,2,1,1,1,0,15,17,17
511,0,1,17,1,1,0,1,0,other,other,other,2,2,2,0,0,0,0,0,1,1,1,1,4,4,5,1,1,4,1,11,9,10
512,0,1,18,0,1,1,1,1,at_home,other,other,2,1,2,1,0,1,0,0,1,1,1,1,4,3,2,1,1,5,9,7,7,7
513,0,1,16,1,1,1,3,1,other,other,course,2,1,1,0,0,0,0,1,1,1,1,0,3,1,3,1,3,1,0,8,6,8
514,0,1,16,1,1,1,3,2,services,at_home,course,2,1,1,0,0,0,0,0,1,1,1,0,3,1,3,1,4,3,2,7,6,7
515,0,1,18,1,0,1,1,1,other,at_home,reputation,2,2,2,0,1,0,0,0,1,1,0,0,2,3,5,1,4,3,8,9,8,10
516,0,1,16,0,1,1,4,4,health,teacher,reputation,1,1,2,0,0,0,0,1,0,1,1,1,4,3,3,2,3,2,0,14,16,16
517,0,1,16,0,0,1,1,2,other,other,reputation,2,2,1,0,0,0,0,1,1,1,1,0,5,4,5,1,4,2,0,14,14,15
518,0,1,18,1,1,0,2,4,other,services,reputation,1,1,2,1,0,1,0,0,1,1,1,0,2,3,2,1,3,1,8,8,5,8
519,0,0,16,0,1,1,2,1,other,services,reputation,2,2,2,0,0,0,0,1,1,1,1,0,5,2,1,1,1,2,0,8,7,0
520,0,1,16,1,0,1,1,1,at_home,other,other,2,3,2,0,0,1,0,0,1,1,1,0,4,3,2,1,3,5,6,6,8,8
521,0,1,16,0,1,1,2,3,at_home,services,other,2,2,2,0,0,1,0,1,1,1,1,0,3,3,3,1,1,2,0,8,10,10
522,0,1,16,1,1,1,4,4,health,health,course,2,1,2,0,0,1,0,0,1,1,1,1,4,3,4,1,2,3,4,8,8,8
523,0,0,18,1,0,1,4,4,at_home,health,home,2,1,4,0,0,1,0,1,1,0,1,1,5,5,5,5,5,5,2,5,6,6
524,0,1,16,0,0,1,3,4,at_home,other,other,2,3,2,0,0,1,0,0,0,1,0,0,4,2,1,1,1,2,2,7,9,8
525,0,0,17,1,0,1,4,4,other,services,home,2,1,3,0,0,1,0,0,1,1,1,0,4,4,3,1,2,5,0,15,14,16
526,0,1,17,0,1,1,4,1,other,other,other,2,1,1,0,0,0,0,0,1,1,1,1,4,2,3,1,2,5,1,13,14,14
527,0,0,16,1,0,1,2,2,services,services,other,2,4,3,0,0,0,0,0,1,1,0,0,5,1,3,2,2,3,0,10,9,10
528,0,1,17,0,1,1,2,2,at_home,other,other,2,1,1,0,0,1,1,0,1,1,1,0,5,1,3,1,2,5,5,9,9,9
529,0,1,16,1,0,1,4,4,services,services,other,1,2,1,0,0,1,0,0,1,1,0,0,5,1,3,1,2,5,1,11,11,11
530,0,0,17,1,1,1,3,3,services,services,home,2,1,1,0,0,1,0,1,1,1,1,0,4,1,4,5,5,3,8,7,10,9
531,0,0,17,1,1,1,1,1,at_home,services,other,2,3,2,0,0,0,0,0,1,1,1,1,5,1,3,3,3,1,0,10,10,10
532,0,0,16,1,1,1,2,1,health,services,other,2,2,2,0,0,0,0,0,0,1,1,1,4,2,2,1,4,5,2,9,7,8
533,0,1,16,1,0,1,2,1,other,services,other,2,1,2,0,0,0,0,0,1,1,1,1,3,2,2,1,1,3,0,14,15,16
534,0,0,16,1,0,1,4,4,teacher,health,other,1,1,1,0,0,1,0,0,1,1,1,0,4,1,2,2,5,5,0,11,12,12
535,0,0,15,0,1,1,1,2,other,services,course,2,3,2,0,0,1,0,1,1,1,0,0,5,5,5,1,3,5,11,9,11,10
536,0,0,15,1,0,0,2,2,other,other,reputation,2,3,4,0,0,1,0,1,1,1,0,0,5,4,5,2,3,5,8,13,14,14
537,0,0,15,1,0,0,2,1,services,services,course,2,1,1,0,0,0,0,1,1,1,1,0,4,3,3,1,2,5,11,12,13,12
538,0,1,16,0,0,1,2,2,other,other,course,2,1,3,0,0,1,0,0,0,1,0,1,4,3,3,2,2,5,2,11,11,11
539,0,1,16,1,0,1,4,1,other,other,home,2,2,2,0,0,1,0,1,1,1,1,0,1,2,4,2,2,1,8,9,10,10
540,0,1,17,1,1,1,3,2,at_home,other,home,2,2,1,0,0,0,0,0,1,1,0,1,4,3,3,2,2,1,5,9,11,11
541,0,1,17,0,1,1,2,2,other,other,other,2,2,2,0,1,0,1,0,1,1,0,0,5,1,3,1,1,5,0,11,9,11
542,0,1,16,1,1,1,4,4,teacher,services,course,2,2,3,0,0,1,0,0,1,1,1,1,5,3,5,1,4,5,1,10,11,12
543,0,0,17,0,1,1,4,4,health,other,course,1,3,1,3,0,0,0,1,1,1,1,1,3,3,3,1,3,5,2,9,9,8
544,0,0,17,0,0,1,1,3,other,other,course,1,2,1,0,0,0,0,1,1,1,0,1,5,1,2,3,3,5,2,12,11,12
545,0,0,17,1,1,1,3,4,services,other,other,2,1,2,1,0,1,0,1,0,1,1,1,5,4,4,3,4,5,8,8,9,8
546,0,1,17,1,1,1,4,4,health,health,course,1,1,2,0,0,1,0,0,1,1,1,0,5,2,5,1,1,5,0,13,15,16
547,0,0,16,0,0,1,4,1,other,at_home,other,1,1,1,0,0,0,0,0,1,1,1,0,4,1,2,2,1,2,0,10,11,11
548,0,1,17,1,1,0,1,1,at_home,at_home,other,2,1,2,0,0,0,0,1,1,1,1,1,4,5,5,1,2,3,2,11,10,11
549,0,1,17,0,1,1,4,2,other,other,course,2,2,2,0,1,1,0,0,0,1,1,0,4,3,3,2,3,5,0,17,18,18
550,0,0,16,1,0,0,2,2,other,services,course,1,2,2,0,0,1,0,0,0,1,1,1,4,1,2,2,2,5,0,12,13,13
551,0,0,17,1,1,1,3,2,other,other,other,1,2,2,0,0,1,1,0,1,1,1,0,4,1,2,2,2,1,0,13,14,13
552,0,0,19,1,1,1,1,1,other,other,other,2,1,2,2,0,1,0,1,1,0,1,0,4,4,3,3,4,4,2,9,9,10
553,0,0,17,1,0,0,1,0,other,other,home,2,1,1,0,0,0,0,0,1,1,0,1,4,1,2,1,1,5,4,11,11,12
554,0,1,17,0,1,1,1,1,at_home,at_home,course,1,2,1,0,0,1,0,1,1,0,1,1,3,5,5,2,2,4,3,10,11,10
555,0,1,16,0,1,1,1,2,other,other,home,1,1,3,0,1,1,0,0,0,1,1,1,4,3,4,1,1,3,5,13,14,13
556,0,0,16,0,0,1,1,2,other,at_home,course,2,1,1,0,0,0,0,0,1,1,0,0,4,4,4,2,4,5,4,9,10,11
557,0,1,17,0,1,1,3,1,other,other,course,2,2,2,3,0,1,0,1,0,1,1,1,5,4,4,1,1,5,2,7,9,10
558,0,0,17,0,1,1,2,2,other,other,course,2,2,1,0,0,0,0,1,1,0,0,1,5,5,5,3,5,5,0,8,13,10
559,0,0,18,0,1,1,1,0,at_home,at_home,course,0,3,1,1,1,1,0,0,1,1,0,0,4,3,2,1,1,4,0,12,12,13
560,0,0,17,0,1,1,1,1,other,services,course,2,2,1,0,0,1,0,1,0,1,1,1,4,5,5,1,3,2,0,10,9,10
561,0,0,18,1,0,1,1,1,at_home,at_home,course,2,2,2,0,0,1,0,1,1,1,0,0,4,3,3,1,4,5,6,10,9,10
562,0,1,16,0,0,1,2,2,other,services,course,1,1,2,0,0,0,0,1,1,1,0,1,5,4,3,1,1,1,0,11,13,12
563,0,0,17,1,1,1,2,2,other,other,course,2,1,1,1,0,0,0,1,1,1,0,1,1,2,1,2,3,5,0,7,0,0
564,0,0,16,0,1,1,3,2,services,other,course,1,2,1,0,0,0,0,0,1,1,1,0,4,5,5,2,3,5,2,11,9,10
565,0,0,16,0,0,1,1,1,at_home,other,course,2,2,1,0,0,0,0,1,1,1,1,0,4,5,5,2,4,5,0,10,10,9
566,0,0,18,0,1,1,1,1,services,other,course,0,2,1,1,0,1,0,0,1,0,1,1,5,3,3,2,3,5,2,9,7,9
567,0,0,18,0,1,1,3,2,services,other,course,2,1,1,1,0,0,0,0,1,0,1,0,2,3,1,2,2,5,0,4,0,0
568,0,0,19,1,1,1,3,2,at_home,services,course,2,2,1,3,0,0,0,1,1,1,0,0,3,2,1,1,1,3,4,6,11,9
569,0,0,18,1,1,1,3,3,at_home,at_home,course,2,1,2,2,0,1,0,1,1,0,1,0,4,4,5,1,3,3,9,4,8,8
570,0,0,16,0,1,1,2,2,services,services,course,2,2,1,0,0,1,0,1,1,1,1,1,5,4,3,2,4,4,6,7,8,8
571,0,0,19,1,1,1,2,1,at_home,other,course,0,2,1,3,0,0,0,1,0,0,1,1,4,4,3,1,3,5,4,8,9,9
572,0,1,16,1,1,0,3,2,services,at_home,course,2,2,2,2,0,1,0,1,1,1,0,1,2,5,5,1,1,1,8,5,5,7
573,0,1,17,1,1,1,1,1,other,at_home,course,2,1,1,0,0,1,0,1,1,1,0,0,4,3,2,1,2,5,9,7,9,10
574,0,0,20,0,1,1,1,1,other,other,course,0,2,1,1,0,1,0,0,1,0,1,1,4,4,3,2,4,4,12,8,11,10
575,0,1,18,0,1,0,4,3,services,services,course,2,1,1,0,0,1,0,0,1,1,1,0,5,4,4,3,4,2,8,10,11,10
576,0,0,18,0,1,1,3,2,other,other,course,2,2,1,0,0,1,0,0,0,1,1,0,2,5,5,5,5,5,8,9,10,11
577,0,0,19,0,1,1,1,1,other,services,home,0,3,2,1,0,0,0,0,1,1,1,0,5,4,4,3,3,2,8,10,9,11
578,0,0,17,1,1,1,3,3,health,other,course,2,2,2,1,0,1,0,0,1,1,1,0,4,5,4,2,3,3,4,8,9,10
579,0,0,18,1,0,1,1,3,at_home,services,course,2,1,1,0,0,0,0,0,1,0,1,1,4,3,3,2,3,3,0,9,10,9
580,0,0,19,0,1,1,1,1,other,other,home,0,3,1,1,0,1,0,0,1,1,1,0,4,4,4,3,3,5,4,8,9,10
581,0,1,18,1,1,0,1,2,at_home,other,course,2,2,2,2,0,1,0,0,1,1,0,0,4,3,3,1,1,5,2,6,8,8
582,0,1,19,1,0,0,1,1,at_home,other,course,2,1,1,0,0,1,0,0,1,0,0,0,1,4,4,1,1,5,0,6,8,7
583,0,1,18,0,1,1,2,2,other,other,other,2,2,1,1,0,0,0,0,1,0,1,1,5,5,5,1,1,3,0,8,6,0
584,0,1,17,0,1,1,0,0,at_home,other,course,2,2,1,0,0,1,0,0,1,1,1,0,4,4,3,1,1,5,0,10,11,11
585,0,1,17,0,0,0,3,1,other,at_home,course,0,2,3,0,0,1,1,0,1,0,0,0,4,2,3,2,2,3,5,8,7,8
586,0,1,17,1,1,1,4,2,teacher,services,home,2,1,2,0,1,1,0,1,1,1,1,0,5,5,5,1,3,5,0,8,8,0
587,0,1,18,0,0,1,2,2,services,services,course,2,1,2,1,0,1,0,1,1,1,1,0,2,3,3,1,2,4,3,7,6,8
588,0,1,17,1,1,1,4,1,health,at_home,course,2,1,1,0,0,1,0,0,1,1,0,1,3,2,2,1,1,5,0,8,10,9
589,0,1,17,1,0,1,1,2,at_home,other,course,1,1,1,0,0,0,0,0,1,1,1,0,5,5,1,1,1,3,0,7,10,10
590,0,1,18,1,1,1,1,1,other,other,course,2,3,2,2,0,0,0,1,1,1,0,1,3,4,4,2,2,5,3,7,8,7
591,0,1,18,1,1,1,2,2,services,at_home,reputation,1,2,2,0,0,0,0,1,0,1,1,0,4,3,5,1,1,1,2,12,13,14
592,0,1,17,1,1,1,3,3,services,services,course,2,2,1,0,0,1,0,0,1,1,1,0,4,4,3,1,1,4,0,11,12,13
593,0,1,18,1,0,0,1,2,at_home,other,reputation,2,2,2,0,0,0,0,0,1,1,1,0,4,4,3,1,2,4,0,12,13,14
594,0,1,18,1,1,1,4,4,teacher,teacher,reputation,2,2,2,0,0,0,0,1,0,1,1,0,4,3,5,1,2,1,0,18,18,18
595,0,0,18,1,0,1,4,4,services,other,reputation,2,1,1,0,0,1,0,1,1,1,1,0,5,4,5,1,1,5,3,17,17,17
596,0,1,17,1,1,1,4,2,other,other,course,2,2,2,0,0,1,0,0,1,1,1,0,4,3,3,1,2,4,0,17,18,18
597,0,1,18,0,1,1,2,2,at_home,other,course,2,3,2,1,0,0,0,1,1,1,0,1,4,3,3,1,1,4,0,9,0,0
598,0,0,18,1,0,1,1,2,at_home,services,home,2,2,1,0,0,1,0,0,0,1,0,0,4,1,4,5,5,1,8,10,11,11
599,0,0,18,0,1,1,4,4,at_home,services,other,2,3,1,0,0,1,1,1,1,1,1,1,2,5,5,1,1,1,5,12,13,14
600,0,0,17,0,1,1,1,1,other,services,other,1,3,1,0,0,0,0,0,0,0,0,0,4,2,3,3,4,4,4,12,13,14
601,0,1,18,1,1,1,2,2,other,other,course,2,2,2,0,0,1,0,0,0,1,1,1,1,3,1,1,1,2,4,8,8,10
602,0,1,18,1,0,1,2,2,services,services,course,1,2,3,0,0,0,0,0,1,1,1,1,5,4,5,1,4,3,0,11,12,13
603,0,1,18,0,0,0,4,2,teacher,other,reputation,2,1,2,0,0,0,0,1,1,1,1,1,5,3,1,1,1,5,0,5,0,0
604,0,1,18,1,1,1,1,1,at_home,services,course,2,3,2,1,0,0,0,0,1,0,0,0,4,4,2,1,2,2,2,9,10,10
605,0,1,19,1,1,1,1,1,at_home,services,other,1,2,1,1,0,0,0,0,1,0,0,0,5,5,5,2,3,2,0,5,0,0
606,0,1,17,1,1,1,4,2,teacher,other,course,1,2,4,0,0,0,0,0,1,1,1,1,4,2,3,3,1,5,0,18,18,18
607,0,1,17,0,0,0,2,1,services,other,reputation,2,2,2,0,0,0,0,1,1,1,1,1,5,3,3,1,2,2,5,11,11,12
608,0,1,18,1,0,0,1,1,at_home,services,course,2,1,2,0,0,0,0,0,1,1,0,1,5,2,3,1,2,3,2,8,10,11
609,0,1,18,1,1,1,1,2,at_home,at_home,course,1,2,2,0,0,1,0,0,1,0,0,0,4,1,1,1,1,4,0,11,11,12
610,0,1,19,0,1,0,1,1,at_home,at_home,course,0,2,2,3,0,1,0,1,1,0,0,1,3,5,4,1,4,1,0,8,0,0
611,0,1,18,0,1,1,2,2,services,other,home,2,2,3,0,0,0,0,0,1,1,1,1,4,2,1,1,1,4,5,14,14,15
612,0,0,17,0,1,1,4,3,services,other,home,2,2,2,1,0,1,1,1,0,1,1,1,4,5,5,1,3,2,4,10,11,11
613,0,1,18,1,1,1,3,3,services,services,course,1,1,2,0,0,1,0,0,1,1,0,1,5,3,4,1,1,5,0,10,10,10
614,0,1,17,0,1,1,4,4,teacher,services,other,1,2,2,0,0,1,1,1,1,1,1,0,4,3,3,1,2,5,2,12,12,12
615,0,1,17,1,0,0,3,2,services,other,reputation,2,2,2,0,0,0,0,0,1,1,0,1,1,2,3,1,2,5,0,15,14,15
616,0,0,18,1,0,1,1,1,other,services,home,1,2,1,0,0,0,0,0,0,1,1,1,3,3,2,1,2,3,2,14,13,14
617,0,1,18,1,0,1,1,1,at_home,services,course,1,2,3,0,0,0,0,0,1,1,1,0,5,3,2,1,1,4,0,19,17,18
618,0,1,18,0,0,0,1,2,at_home,other,course,2,3,2,0,0,0,0,0,1,1,0,1,4,3,4,1,4,5,0,16,15,15
619,0,1,18,1,1,1,3,3,services,services,other,2,2,2,0,0,1,0,0,1,1,1,1,4,3,2,1,3,3,6,13,12,13
620,0,1,17,1,0,1,4,4,at_home,at_home,course,2,1,2,0,0,1,0,1,1,1,1,1,2,3,4,1,1,1,4,15,14,15
621,0,1,17,0,1,1,1,2,other,services,course,1,2,2,0,0,0,0,0,0,1,0,0,3,2,2,1,2,3,0,13,13,13
622,0,0,18,0,1,1,1,3,at_home,other,course,2,2,2,0,0,1,1,0,1,1,0,0,3,3,4,2,4,3,0,8,10,9
623,0,0,18,1,0,1,4,4,teacher,services,other,2,2,3,0,0,0,0,0,1,1,1,1,4,2,2,2,2,5,0,15,16,16
624,0,1,17,0,1,1,1,1,other,services,reputation,2,3,1,1,0,1,0,0,1,1,1,1,5,2,1,1,2,1,0,8,8,9
625,0,1,18,1,1,1,2,3,at_home,services,course,1,2,1,0,0,1,0,0,1,1,1,1,5,2,3,1,2,4,0,10,10,10
626,0,1,18,0,1,1,4,4,other,teacher,other,1,3,2,0,0,1,0,0,0,1,1,1,3,2,2,4,2,5,0,7,5,0
627,0,0,18,0,0,1,1,2,at_home,services,other,1,3,1,0,0,1,0,1,1,0,1,1,4,3,3,2,3,3,3,9,10,10
628,0,1,17,1,1,1,2,2,other,at_home,home,2,1,3,0,0,0,0,1,1,1,0,1,3,4,3,1,1,3,8,10,11,12
629,0,1,17,0,1,1,1,2,other,other,course,2,1,1,0,0,0,0,1,1,1,1,0,3,5,5,1,3,1,4,7,8,9
630,0,1,18,0,0,1,4,4,other,other,reputation,2,2,3,0,0,0,0,0,1,1,1,0,5,4,4,1,1,1,0,15,17,17
631,0,1,18,0,1,1,1,1,other,other,home,2,4,3,0,0,0,0,0,1,1,1,0,4,3,2,1,2,4,4,10,11,12
632,0,1,19,0,1,1,1,1,at_home,other,course,0,2,2,1,0,1,0,0,1,1,1,1,4,3,3,1,1,3,4,7,8,9
633,0,1,18,0,0,1,4,4,teacher,services,course,2,1,2,0,0,0,0,1,1,1,1,0,5,4,3,3,4,2,1,13,14,14
634,0,1,18,1,1,1,3,3,other,other,home,2,1,2,0,0,0,0,0,1,1,1,1,4,1,3,1,2,1,1,16,16,16
635,0,1,17,0,1,1,3,1,at_home,other,reputation,2,1,2,0,0,1,0,1,0,1,1,0,4,5,4,2,3,1,10,8,9,9
636,0,0,18,1,1,1,4,4,teacher,teacher,home,1,1,2,0,0,0,0,1,0,1,1,0,3,2,4,1,4,2,4,17,18,19
637,0,0,18,0,1,1,2,1,other,other,other,2,2,1,0,0,0,0,1,0,1,1,1,4,4,3,1,3,5,0,7,7,0
638,0,0,17,1,1,1,2,3,other,services,home,1,2,2,0,0,0,0,1,1,1,1,0,4,4,3,1,1,3,4,14,15,16
639,0,0,19,0,1,1,1,1,other,services,other,2,2,1,1,0,0,0,0,1,1,0,0,4,3,2,1,3,5,0,5,8,0
640,0,0,18,0,1,1,4,2,other,other,home,1,2,1,1,0,0,1,0,1,1,0,0,5,4,3,4,3,3,0,7,7,0
641,0,1,18,0,1,1,2,2,at_home,other,other,2,2,3,0,0,0,0,0,1,1,0,0,5,3,3,1,3,4,0,14,17,15
642,0,1,17,1,1,1,4,3,teacher,other,other,2,2,2,0,0,0,0,0,1,1,1,0,5,5,4,1,1,1,0,6,9,11
643,0,1,18,0,1,1,4,4,teacher,at_home,reputation,2,3,1,0,0,1,0,1,1,1,1,1,4,4,3,2,2,5,4,7,9,10
644,0,1,19,0,1,1,2,3,services,other,course,2,1,3,1,0,0,0,1,0,1,1,0,5,4,2,1,2,5,4,10,11,10
645,0,1,18,1,0,1,3,1,teacher,services,course,2,1,2,0,0,1,0,0,1,1,1,0,4,3,4,1,1,1,4,15,15,16
646,0,1,18,1,1,1,1,1,other,other,course,2,2,2,0,0,0,0,1,1,1,0,0,1,1,1,1,1,5,6,11,12,9
647,0,0,17,1,0,1,3,1,services,services,course,2,2,1,0,0,0,0,0,0,1,1,0,2,4,5,3,4,2,6,10,10,10
648,0,0,18,0,0,1,3,2,services,other,course,2,3,1,0,0,0,0,0,0,1,1,0,4,4,1,3,4,5,4,10,11,11
